OBHOUR,OBS_ABOVE_THRESH,CONSEC_HRS
2019082916,3,1
2019082917,6,2
2019082918,4,3
2019082919,6,4
2019082920,6,5
2019082921,6,6
2019082922,6,7
2019082923,6,8
2019083000,6,9
2019083001,4,10
2019083016,2,1
2019083018,4,1
2019083019,6,2
2019083020,6,3
2019083021,6,4
2019083022,6,5
2019083023,6,6
2019083100,6,7
2019083101,5,8
2019083116,4,1
2019083117,6,2
2019083118,6,3
2019083119,6,4
2019083120,6,5
2019083121,6,6
2019083122,6,7
2019083123,6,8
2019090100,6,9
2019090101,6,10
2019090102,1,11
2019090115,4,1
2019090116,6,2
2019090117,6,3
2019090118,6,4
2019090119,6,5
2019090120,6,6
2019090121,6,7
2019090122,6,8
2019090123,6,9
2019090200,6,10
2019090201,6,11
2019090202,6,12
2019090203,6,13
2019090204,6,14
2019090205,5,15
2019090206,6,16
2019090207,6,17
2019090208,6,18
2019090209,6,19
2019090210,6,20
2019090211,6,21
2019090212,6,22
2019090213,5,23
2019090214,6,24
2019090215,6,25
2019090216,6,26
2019090217,6,27
2019090218,6,28
2019090219,6,29
2019090220,6,30
2019090221,6,31
2019090222,6,32
2019090223,6,33
2019090300,6,34
2019090301,6,35
2019090302,6,36
2019090303,6,37
2019090304,6,38
2019090305,6,39
2019090306,4,40
2019090307,4,41
2019090308,6,42
2019090309,2,43
2019090310,1,44
2019090311,1,45
2019090312,3,46
2019090315,2,1
2019090316,4,2
2019090321,3,1
2019090322,6,2
2019090323,6,3
2019090400,6,4
2019090401,3,5
2019090416,4,1
2019090417,6,2
2019090418,6,3
2019090419,6,4
2019090420,6,5
2019090421,6,6
2019090422,6,7
2019090423,6,8
2019090500,6,9
2019090501,6,10
2019090502,1,11
2019090516,1,1
2019090517,3,2
2019090518,6,3
2019090519,6,4
2019090520,6,5
2019090521,6,6
2019090522,6,7
2019090523,6,8
2019090600,5,9
2019090720,2,1
2019090722,3,1
2019090723,6,2
2019090800,2,3
2019090917,2,1
2019090918,6,2
2019090919,6,3
2019090920,6,4
2019090921,6,5
2019090922,6,6
2019090923,6,7
2019091000,4,8
2019091317,1,1
2019091318,6,2
2019091319,6,3
2019091320,6,4
2019091321,6,5
2019091322,6,6
2019091323,6,7
2019091400,5,8
2019091416,4,1
2019091417,6,2
2019091418,6,3
2019091419,6,4
2019091420,6,5
2019091421,6,6
2019091422,6,7
2019091423,6,8
2019091500,6,9
2019091501,4,10
2019091516,5,1
2019091517,6,2
2019091518,6,3
2019091519,6,4
2019091520,6,5
2019091521,6,6
2019091522,6,7
2019091523,6,8
2019091600,6,9
2019091601,6,10
2019091602,6,11
2019091603,4,12
2019091604,3,13
2019091607,3,1
2019091608,6,2
2019091609,6,3
2019091610,5,4
2019091611,3,5
2019091612,5,6
2019091613,2,7
2019091618,3,1
2019091619,6,2
2019091620,6,3
2019091621,6,4
2019091622,6,5
2019091623,6,6
2019091700,6,7
2019091701,6,8
2019091702,6,9
2019091703,6,10
2019091704,6,11
2019091705,6,12
2019091706,6,13
2019091707,6,14
2019091708,1,15
2019091816,2,1
2019091817,6,2
2019091818,6,3
2019091819,6,4
2019091820,6,5
2019091821,6,6
2019091822,6,7
2019091823,6,8
2019091900,6,9
2019091901,6,10
2019091902,4,11
2019091904,3,1
2019091905,5,2
2019091906,6,3
2019091907,6,4
2019091908,6,5
2019091909,6,6
2019091910,6,7
2019091911,1,8
2019091915,4,1
2019091916,1,2
2019091917,4,3
2019091918,6,4
2019091919,6,5
2019091920,6,6
2019091921,6,7
2019091922,6,8
2019091923,3,9
2019092221,6,1
2019092222,6,2
2019092223,6,3
2019092300,4,4
2019092316,2,1
2019092317,6,2
2019092318,6,3
2019092319,6,4
2019092320,6,5
2019092321,6,6
2019092322,6,7
2019092323,6,8
2019092400,6,9
2019092423,1,1
2019092500,1,2
2019092621,1,1
2019092622,6,2
2019092623,5,3
2019100316,4,1
2019100317,2,2
2019100318,2,3
2019100319,6,4
2019100320,6,5
2019100321,6,6
2019100322,6,7
2019100323,5,8
2019100404,1,1
2019100405,6,2
2019100406,6,3
2019100407,6,4
2019100408,6,5
2019100409,6,6
2019100410,6,7
2019100411,6,8
2019100412,6,9
2019100413,6,10
2019100414,6,11
2019100415,6,12
2019100520,1,1
2019100521,6,2
2019100522,4,3
2019100623,2,1
2019100716,4,1
2019100717,6,2
2019100718,6,3
2019100719,6,4
2019100720,6,5
2019100721,6,6
2019100722,6,7
2019100723,6,8
2019100800,3,9
2019100816,4,1
2019100817,6,2
2019100818,6,3
2019100819,6,4
2019100820,6,5
2019100821,6,6
2019100822,6,7
2019100823,6,8
2019100900,6,9
2019100901,1,10
2019100907,5,1
2019100908,6,2
2019100909,6,3
2019100910,6,4
2019100911,6,5
2019100912,6,6
2019100913,3,7
2019100922,1,1
2019100923,3,2
2019101116,1,1
2019101117,3,2
2019101118,6,3
2019101119,6,4
2019101120,6,5
2019101121,6,6
2019101122,6,7
2019101123,6,8
2019101200,5,9
2019101215,5,1
2019101216,6,2
2019101217,6,3
2019101218,6,4
2019101219,6,5
2019101220,6,6
2019101221,6,7
2019101222,6,8
2019101223,6,9
2019101300,6,10
2019101301,6,11
2019101302,2,12
2019101305,3,1
2019101306,6,2
2019101307,6,3
2019101308,6,4
2019101309,6,5
2019101310,6,6
2019101311,6,7
2019101312,6,8
2019101313,3,9
2019101314,6,10
2019101315,6,11
2019101316,6,12
2019101317,6,13
2019101318,6,14
2019101319,6,15
2019101320,6,16
2019101321,6,17
2019101322,6,18
2019101323,6,19
2019101400,6,20
2019101401,6,21
2019101402,6,22
2019101403,6,23
2019101404,6,24
2019101405,6,25
2019101406,6,26
2019101407,5,27
2019101408,2,28
2019101409,6,29
2019101411,1,1
2019101413,2,1
2019101414,4,2
2019101415,4,3
2019101416,6,4
2019101417,6,5
2019101418,6,6
2019101419,6,7
2019101420,6,8
2019101421,6,9
2019101422,6,10
2019101423,6,11
2019101500,6,12
2019101501,6,13
2019101502,6,14
2019101503,2,15
2019101505,1,1
2019101506,3,2
2019101507,4,3
2019101508,1,4
2019101515,4,1
2019101516,6,2
2019101517,6,3
2019101518,6,4
2019101519,6,5
2019101520,6,6
2019101521,6,7
2019101522,6,8
2019101523,6,9
2019101600,6,10
2019101601,6,11
2019101602,6,12
2019101603,5,13
2019101604,1,14
2019101606,1,1
2019101608,2,1
2019101609,4,2
2019101612,3,1
2019101613,2,2
2019101614,3,3
2019101615,6,4
2019101616,6,5
2019101617,6,6
2019101618,6,7
2019101619,6,8
2019101620,6,9
2019101621,6,10
2019101622,6,11
2019101623,6,12
2019101700,6,13
2019101701,6,14
2019101702,6,15
2019101703,6,16
2019101704,6,17
2019101705,6,18
2019101706,6,19
2019101707,6,20
2019101708,6,21
2019101709,6,22
2019101710,6,23
2019101711,6,24
2019101712,6,25
2019101713,6,26
2019101714,6,27
2019101715,6,28
2019101716,6,29
2019101717,6,30
2019101718,6,31
2019101719,6,32
2019101720,6,33
2019101721,6,34
2019101722,6,35
2019101723,6,36
2019101800,4,37
2019101919,5,1
2019102420,1,1
2019102421,6,2
2019102422,1,3
2019102516,1,1
2019102517,6,2
2019102518,4,3
2019102519,3,4
2019102520,6,5
2019102521,6,6
2019102522,6,7
2019102523,6,8
2019102600,2,9
2019102820,2,1
2019102821,5,2
2019102823,3,1
2019102900,5,2
2019103118,3,1
2019103119,6,2
2019103120,6,3
2019103121,6,4
2019103122,6,5
2019103123,6,6
2019110100,3,7
2019110119,5,1
2019110120,5,2
2019110121,2,3
2019110122,6,4
2019110123,6,5
2019110217,2,1
2019110219,3,1
2019110220,6,2
2019110221,6,3
2019110222,6,4
2019110223,5,5
2019110316,2,1
2019110317,6,2
2019110318,6,3
2019110319,6,4
2019110320,6,5
2019110321,6,6
2019110322,6,7
2019110323,6,8
2019110400,6,9
2019110401,1,10
2019110618,2,1
2019110619,2,2
2019110620,6,3
2019110621,6,4
2019110622,6,5
2019110623,6,6
2019110718,4,1
2019110719,5,2
2019110720,6,3
2019110721,6,4
2019110722,6,5
2019110723,4,6
2019110817,4,1
2019110818,6,2
2019110819,6,3
2019110820,6,4
2019110821,6,5
2019110822,6,6
2019110823,6,7
2019110900,1,8
2019110916,2,1
2019110917,6,2
2019110918,6,3
2019110919,6,4
2019110920,6,5
2019110921,6,6
2019110922,6,7
2019110923,5,8
2019111017,3,1
2019111018,5,2
2019111019,6,3
2019111020,6,4
2019111021,6,5
2019111022,6,6
2019111023,6,7
2019111100,2,8
2019111421,1,1
2019111517,1,1
2019111519,2,1
2019111520,5,2
2019111521,6,3
2019111522,6,4
2019111523,3,5
2019111917,2,1
2019111918,6,2
2019111919,6,3
2019111920,6,4
2019111921,6,5
2019111922,3,6
2019111923,6,7
2019122210,5,1
2019122211,6,2
2019122212,6,3
2019122213,6,4
2019122214,6,5
2019122215,6,6
2019122216,6,7
2019122217,6,8
2019122218,6,9
2019122219,6,10
2019122220,6,11
2019122221,6,12
2019122222,6,13
2019122223,6,14
2019122300,6,15
2019122301,2,16
2020011619,1,1
2020011620,3,2
2020011621,5,3
2020011622,6,4
2020011623,6,5
2020011700,2,6
2020011706,5,1
2020011707,6,2
2020011708,5,3
2020011709,4,4
2020020219,5,1
2020020220,6,2
2020020221,6,3
2020020222,6,4
2020020223,6,5
2020021419,6,1
2020021420,1,2
2020021421,5,3
2020021422,3,4
2020022018,2,1
2020022019,6,2
2020022020,6,3
2020022021,6,4
2020022022,6,5
2020022023,6,6
2020022100,4,7
2020022116,3,1
2020022117,2,2
2020022118,3,3
2020022322,3,1
2020022323,6,2
2020022400,6,3
2020022620,5,1
2020022621,5,2
2020022622,6,3
2020022623,6,4
2020022700,5,5
2020022817,2,1
2020022818,6,2
2020022819,6,3
2020022820,6,4
2020022821,6,5
2020022822,6,6
2020022823,6,7
2020022900,5,8
2020022918,6,1
2020022919,6,2
2020022920,6,3
2020022921,6,4
2020022922,6,5
2020022923,6,6
2020030100,6,7
2020030101,5,8
2020030518,1,1
2020030519,1,2
2020030520,6,3
2020030521,6,4
2020030522,6,5
2020030523,6,6
2020030600,6,7
2020030601,1,8
2020030617,6,1
2020030618,6,2
2020030619,6,3
2020030620,6,4
2020030621,6,5
2020030622,6,6
2020030623,6,7
2020030700,6,8
2020030701,1,9
2020030703,1,1
2020031218,1,1
2020031220,3,1
2020031221,6,2
2020031222,6,3
2020031223,6,4
2020031300,6,5
2020031301,2,6
2020031520,2,1
2020031521,6,2
2020031522,5,3
2020031523,6,4
2020031600,6,5
2020031601,6,6
2020031602,1,7
2020031618,1,1
2020031619,6,2
2020031620,6,3
2020031621,6,4
2020031622,6,5
2020031623,6,6
2020031700,6,7
2020031701,1,8
2020031719,6,1
2020031720,6,2
2020031721,6,3
2020031722,6,4
2020031723,6,5
2020031800,6,6
2020031801,6,7
2020033106,1,1
2020033107,5,2
2020033121,4,1
2020033122,6,2
2020033123,6,3
2020040100,6,4
2020040101,6,5
2020040102,6,6
2020040103,5,7
2020040300,5,1
2020040301,6,2
2020040302,3,3
2020040316,6,1
2020040317,6,2
2020040318,6,3
2020040319,6,4
2020040320,6,5
2020040321,6,6
2020040322,6,7
2020040323,6,8
2020040400,6,9
2020040401,5,10
2020040416,6,1
2020040417,6,2
2020040418,6,3
2020040419,6,4
2020040420,6,5
2020040421,6,6
2020040422,6,7
2020040423,6,8
2020040500,6,9
2020040501,6,10
2020040502,6,11
2020040503,3,12
2020040504,4,13
2020040505,6,14
2020040506,6,15
2020040507,6,16
2020040521,1,1
2020040522,6,2
2020040523,6,3
2020040600,6,4
2020040601,6,5
2020040602,6,6
2020040603,6,7
2020040604,6,8
2020040605,6,9
2020040606,1,10
2020040821,6,1
2020040822,6,2
2020040823,4,3
2020040916,2,1
2020040917,1,2
2020041020,3,1
2020041021,5,2
2020041022,6,3
2020041023,6,4
2020041100,5,5
2020041223,1,1
2020041300,6,2
2020041301,6,3
2020041302,2,4
2020041319,3,1
2020041320,5,2
2020041321,6,3
2020041322,6,4
2020041323,6,5
2020041400,6,6
2020041401,6,7
2020041402,6,8
2020041403,6,9
2020041404,5,10
2020041416,4,1
2020041417,6,2
2020041418,6,3
2020041419,6,4
2020041420,6,5
2020041421,6,6
2020041422,6,7
2020041423,6,8
2020041500,6,9
2020041501,6,10
2020041502,6,11
2020041503,2,12
2020041507,1,1
2020041508,6,2
2020041509,5,3
2020041721,5,1
2020041722,6,2
2020041723,6,3
2020041800,6,4
2020041801,6,5
2020041821,3,1
2020041822,3,2
2020041823,4,3
2020041900,6,4
2020041901,5,5
2020042116,1,1
2020042122,6,1
2020042123,6,2
2020042200,6,3
2020042201,6,4
2020042202,4,5
2020042220,2,1
2020042221,3,2
2020042223,4,1
2020042300,4,2
2020042422,3,1
2020042423,6,2
2020042500,5,3
2020042501,6,4
2020042502,3,5
2020042521,2,1
2020042522,5,2
2020042523,6,3
2020042600,3,4
2020042619,2,1
2020042620,6,2
2020042621,6,3
2020042622,5,4
2020042623,6,5
2020042700,6,6
2020042701,6,7
2020042702,1,8
2020042715,3,1
2020042716,6,2
2020042717,6,3
2020042718,6,4
2020042719,6,5
2020042720,5,6
2020042721,5,7
2020042722,6,8
2020042723,6,9
2020042800,6,10
2020042801,1,11
2020042821,6,1
2020042822,4,2
2020042823,6,3
2020042900,6,4
2020042901,6,5
2020042902,1,6
2020042916,5,1
2020042917,6,2
2020042918,6,3
2020042919,6,4
2020042920,6,5
2020042921,6,6
2020042922,6,7
2020042923,6,8
2020043000,6,9
2020043001,6,10
2020043002,3,11
2020050222,1,1
2020050223,4,2
2020050300,5,3
2020050419,1,1
2020050420,4,2
2020050421,1,3
2020050422,3,4
2020050423,6,5
2020050500,6,6
2020050501,6,7
2020050502,6,8
2020050503,1,9
2020050515,5,1
2020050516,6,2
2020050517,6,3
2020050518,6,4
2020050519,6,5
2020050520,6,6
2020050521,6,7
2020050522,6,8
2020050523,6,9
2020050600,6,10
2020050601,6,11
2020050602,6,12
2020050603,6,13
2020050604,6,14
2020050605,4,15
2020050606,4,16
2020050607,2,17
2020050608,5,18
2020050609,2,19
2020050611,3,1
2020050614,4,1
2020050615,6,2
2020050616,6,3
2020050617,6,4
2020050618,6,5
2020050619,6,6
2020050620,6,7
2020050621,6,8
2020050622,6,9
2020050623,6,10
2020050700,6,11
2020050701,3,12
2020050704,4,1
2020050714,2,1
2020050715,6,2
2020050716,6,3
2020050717,6,4
2020050718,6,5
2020050719,6,6
2020050720,6,7
2020050721,6,8
2020050722,6,9
2020050723,6,10
2020050800,6,11
2020050801,6,12
2020050816,6,1
2020050817,6,2
2020050818,6,3
2020050819,6,4
2020050820,6,5
2020050821,6,6
2020050822,6,7
2020050823,6,8
2020050900,6,9
2020050901,6,10
2020050902,6,11
2020050903,4,12
2020050904,4,13
2020050905,1,14
2020050906,2,15
2020050907,1,16
2020050908,3,17
2020050916,4,1
2020050917,6,2
2020050918,6,3
2020050919,6,4
2020050920,6,5
2020050921,6,6
2020050922,6,7
2020050923,6,8
2020051000,6,9
2020051001,6,10
2020051002,6,11
2020051003,3,12
2020051009,1,1
2020051010,2,2
2020051011,1,3
2020051013,1,1
2020051014,6,2
2020051015,6,3
2020051016,6,4
2020051017,6,5
2020051018,6,6
2020051019,6,7
2020051020,6,8
2020051021,6,9
2020051022,6,10
2020051023,6,11
2020051100,6,12
2020051101,6,13
2020051102,6,14
2020051103,6,15
2020051104,5,16
2020051116,2,1
2020051117,4,2
2020051118,6,3
2020051119,6,4
2020051120,6,5
2020051121,6,6
2020051122,6,7
2020051123,6,8
2020051200,6,9
2020051201,6,10
2020051202,6,11
2020051204,5,1
2020051205,6,2
2020051210,3,1
2020051211,6,2
2020051212,6,3
2020051213,6,4
2020051214,6,5
2020051215,6,6
2020051216,6,7
2020051217,2,8
2020051218,5,9
2020051219,6,10
2020051220,6,11
2020051221,6,12
2020051222,6,13
2020051223,6,14
2020051300,6,15
2020051301,6,16
2020051304,3,1
2020051620,5,1
2020051621,5,2
2020051622,6,3
2020051623,6,4
2020051700,6,5
2020051701,3,6
2020051716,6,1
2020051717,6,2
2020051718,6,3
2020051719,6,4
2020051720,6,5
2020051721,6,6
2020051722,6,7
2020051723,6,8
2020051800,6,9
2020051801,6,10
2020051802,6,11
2020051803,6,12
2020051804,6,13
2020051805,6,14
2020051806,6,15
2020051807,6,16
2020051808,6,17
2020051809,6,18
2020051810,6,19
2020051811,6,20
2020051812,6,21
2020051813,6,22
2020051814,6,23
2020051815,6,24
2020051816,6,25
2020051817,6,26
2020051818,6,27
2020051819,6,28
2020051820,6,29
2020051821,6,30
2020051822,6,31
2020051823,6,32
2020051900,6,33
2020051901,6,34
2020051902,6,35
2020051903,6,36
2020051904,6,37
2020051905,6,38
2020051906,6,39
2020051907,6,40
2020051908,6,41
2020051909,6,42
2020051910,6,43
2020051911,3,44
2020051915,5,1
2020051916,6,2
2020051917,6,3
2020051918,6,4
2020051919,6,5
2020051920,6,6
2020051921,6,7
2020051922,6,8
2020051923,2,9
2020052123,4,1
2020052200,6,2
2020052201,6,3
2020052202,1,4
2020052207,6,1
2020052208,6,2
2020052209,6,3
2020052210,5,4
2020052219,1,1
2020052220,3,2
2020052221,5,3
2020052222,6,4
2020052223,1,5
2020052616,2,1
2020052617,6,2
2020052618,6,3
2020052619,6,4
2020052620,6,5
2020052621,6,6
2020052622,6,7
2020052623,6,8
2020052700,6,9
2020052818,1,1
2020052819,5,2
2020052820,6,3
2020052821,4,4
2020052822,2,5
2020052823,5,6
2020052900,6,7
2020052916,2,1
2020052917,1,2
2020052918,3,3
2020052919,6,4
2020052920,6,5
2020052921,6,6
2020052922,6,7
2020052923,6,8
2020053000,6,9
2020053001,6,10
2020053002,2,11
2020053117,1,1
2020053118,6,2
2020053119,6,3
2020053120,6,4
2020053121,6,5
2020053122,6,6
2020053123,6,7
2020060100,6,8
2020060101,5,9
2020060102,6,10
2020060103,6,11
2020060104,6,12
2020060105,6,13
2020060106,6,14
2020060107,6,15
2020060108,6,16
2020060109,6,17
2020060110,5,18
2020060113,1,1
2020060114,6,2
2020060115,6,3
2020060116,6,4
2020060117,6,5
2020060118,6,6
2020060119,6,7
2020060120,6,8
2020060121,6,9
2020060122,6,10
2020060123,6,11
2020060200,6,12
2020060201,6,13
2020060202,6,14
2020060203,1,15
2020060219,5,1
2020060220,6,2
2020060221,6,3
2020060222,6,4
2020060223,5,5
2020060300,1,6
2020060301,1,7
2020060318,6,1
2020060319,6,2
2020060320,6,3
2020060321,6,4
2020060322,6,5
2020060323,6,6
2020060400,6,7
2020060401,4,8
2020060402,4,9
2020060416,6,1
2020060417,6,2
2020060418,6,3
2020060419,6,4
2020060420,6,5
2020060421,6,6
2020060422,5,7
2020060423,1,8
2020060516,2,1
2020060517,4,2
2020060518,6,3
2020060519,6,4
2020060520,6,5
2020060521,6,6
2020060522,6,7
2020060523,6,8
2020060600,6,9
2020060601,6,10
2020060602,6,11
2020060603,6,12
2020060604,6,13
2020060605,6,14
2020060606,6,15
2020060607,5,16
2020060619,1,1
2020060921,4,1
2020060922,6,2
2020060923,6,3
2020061000,5,4
2020061001,4,5
2020061019,4,1
2020061020,6,2
2020061021,6,3
2020061022,6,4
2020061023,6,5
2020061100,6,6
2020061101,4,7
2020061117,4,1
2020061118,6,2
2020061119,6,3
2020061120,4,4
2020061121,6,5
2020061122,6,6
2020061123,6,7
2020061200,6,8
2020061201,6,9
2020061202,6,10
2020061203,2,11
2020061204,5,12
2020061205,6,13
2020061206,6,14
2020061207,6,15
2020061208,6,16
2020061209,5,17
2020061210,2,18
2020061211,1,19
2020061212,5,20
2020061215,5,1
2020061216,6,2
2020061217,6,3
2020061218,6,4
2020061219,6,5
2020061220,6,6
2020061221,6,7
2020061222,6,8
2020061223,6,9
2020061300,6,10
2020061301,6,11
2020061302,6,12
2020061303,6,13
2020061304,6,14
2020061305,6,15
2020061306,4,16
2020061307,3,17
2020061308,6,18
2020061309,6,19
2020061310,6,20
2020061311,6,21
2020061312,6,22
2020061313,6,23
2020061314,6,24
2020061315,6,25
2020061316,6,26
2020061317,6,27
2020061318,6,28
2020061319,6,29
2020061320,6,30
2020061321,5,31
2020061517,2,1
2020061518,4,2
2020061519,6,3
2020061520,6,4
2020061521,6,5
2020061522,6,6
2020061523,6,7
2020061600,6,8
2020061601,5,9
2020061604,5,1
2020061605,6,2
2020061606,6,3
2020061607,6,4
2020061608,6,5
2020061609,2,6
2020061921,3,1
2020061922,6,2
2020061923,6,3
2020062000,6,4
2020062001,2,5
2020062017,2,1
2020062018,6,2
2020062019,6,3
2020062020,6,4
2020062021,6,5
2020062022,6,6
2020062023,6,7
2020062100,6,8
2020062101,1,9
2020062116,1,1
2020062117,6,2
2020062118,6,3
2020062119,6,4
2020062120,6,5
2020062121,6,6
2020062122,6,7
2020062123,6,8
2020062200,5,9
2020062215,1,1
2020062216,1,2
2020062219,1,1
2020062220,5,2
2020062221,6,3
2020062222,6,4
2020062223,6,5
2020062300,6,6
2020062301,5,7
2020062319,3,1
2020062320,4,2
2020062321,6,3
2020062322,6,4
2020062323,6,5
2020062400,6,6
2020062401,3,7
2020062417,2,1
2020062418,5,2
2020062419,6,3
2020062420,6,4
2020062421,6,5
2020062422,6,6
2020062423,6,7
2020062500,6,8
2020062501,2,9
2020062618,4,1
2020062619,2,2
2020062621,6,1
2020062622,6,2
2020062623,6,3
2020062700,6,4
2020062701,6,5
2020062702,3,6
2020062716,3,1
2020062717,6,2
2020062718,6,3
2020062719,6,4
2020062720,6,5
2020062721,6,6
2020062722,6,7
2020062723,6,8
2020062800,5,9
2020062801,3,10
2020062805,3,1
2020062806,4,2
2020062818,4,1
2020062819,1,2
2020070117,4,1
2020070118,6,2
2020070119,6,3
2020070120,6,4
2020070121,6,5
2020070122,6,6
2020070123,6,7
2020070200,6,8
2020070201,6,9
2020070202,6,10
2020070203,6,11
2020070204,6,12
2020070205,6,13
2020070206,6,14
2020070207,6,15
2020070208,6,16
2020070209,6,17
2020070210,2,18
2020070216,1,1
2020070217,5,2
2020070218,6,3
2020070219,6,4
2020070220,6,5
2020070221,6,6
2020070222,6,7
2020070223,6,8
2020070300,6,9
2020070301,6,10
2020070302,6,11
2020070316,6,1
2020070317,6,2
2020070318,6,3
2020070319,6,4
2020070320,6,5
2020070321,6,6
2020070322,6,7
2020070323,6,8
2020070400,6,9
2020070401,6,10
2020070402,6,11
2020070403,1,12
2020070416,5,1
2020070417,6,2
2020070418,6,3
2020070419,6,4
2020070420,6,5
2020070421,6,6
2020070422,6,7
2020070423,6,8
2020070500,6,9
2020070501,5,10
2020070502,1,11
2020070517,5,1
2020070518,6,2
2020070519,6,3
2020070520,6,4
2020070521,6,5
2020070522,6,6
2020070523,6,7
2020070600,6,8
2020070601,6,9
2020070602,2,10
2020070616,3,1
2020070617,6,2
2020070618,6,3
2020070619,6,4
2020070620,6,5
2020070621,6,6
2020070622,6,7
2020070623,6,8
2020070700,6,9
2020070701,6,10
2020070702,2,11
2020070708,5,1
2020070709,6,2
2020070710,6,3
2020070711,6,4
2020070712,6,5
2020070713,6,6
2020070714,6,7
2020070715,6,8
2020070716,6,9
2020070717,6,10
2020070718,6,11
2020070719,6,12
2020070720,6,13
2020070721,6,14
2020070722,6,15
2020070723,6,16
2020070800,6,17
2020070801,6,18
2020070802,5,19
2020070808,2,1
2020070819,5,1
2020070820,6,2
2020070821,6,3
2020070822,6,4
2020070823,6,5
2020070900,6,6
2020070901,6,7
2020070916,2,1
2020070917,6,2
2020070918,6,3
2020070919,6,4
2020070920,6,5
2020070921,6,6
2020070922,6,7
2020070923,6,8
2020071000,6,9
2020071001,6,10
2020071002,4,11
2020071005,1,1
2020071006,2,2
2020071007,3,3
2020071008,6,4
2020071009,6,5
2020071010,5,6
2020071011,5,7
2020071015,1,1
2020071016,6,2
2020071017,6,3
2020071018,6,4
2020071019,6,5
2020071020,6,6
2020071021,6,7
2020071022,6,8
2020071023,6,9
2020071100,6,10
2020071101,6,11
2020071102,2,12
2020071104,3,1
2020071105,4,2
2020071106,5,3
2020071107,6,4
2020071108,1,5
2020071109,1,6
2020071110,1,7
2020071112,4,1
2020071113,3,2
2020071114,2,3
2020071115,6,4
2020071116,6,5
2020071117,6,6
2020071118,6,7
2020071119,6,8
2020071120,6,9
2020071121,6,10
2020071122,6,11
2020071123,6,12
2020071200,6,13
2020071201,6,14
2020071202,4,15
2020071206,2,1
2020071216,5,1
2020071217,6,2
2020071218,6,3
2020071219,6,4
2020071220,6,5
2020071221,6,6
2020071222,6,7
2020071223,6,8
2020071300,6,9
2020071301,6,10
2020071302,5,11
2020071305,3,1
2020071316,3,1
2020071317,2,2
2020071318,6,3
2020071319,6,4
2020071320,6,5
2020071321,6,6
2020071322,6,7
2020071323,6,8
2020071400,6,9
2020071401,6,10
2020071402,6,11
2020071416,5,1
2020071417,6,2
2020071418,6,3
2020071419,6,4
2020071420,6,5
2020071421,6,6
2020071422,6,7
2020071423,6,8
2020071500,6,9
2020071501,6,10
2020071502,1,11
2020071516,3,1
2020071517,3,2
2020071518,6,3
2020071519,6,4
2020071520,6,5
2020071521,6,6
2020071522,6,7
2020071523,6,8
2020071600,6,9
2020071601,6,10
2020071602,5,11
2020071615,1,1
2020071616,6,2
2020071617,6,3
2020071618,6,4
2020071619,6,5
2020071620,6,6
2020071621,6,7
2020071622,6,8
2020071623,6,9
2020071700,6,10
2020071701,5,11
2020071702,4,12
2020071703,4,13
2020071715,1,1
2020071716,5,2
2020071717,6,3
2020071718,6,4
2020071719,6,5
2020071720,6,6
2020071721,6,7
2020071722,6,8
2020071723,6,9
2020071800,6,10
2020071801,6,11
2020071802,6,12
2020071803,1,13
2020071815,2,1
2020071816,6,2
2020071817,6,3
2020071818,6,4
2020071819,6,5
2020071820,6,6
2020071821,6,7
2020071822,6,8
2020071823,6,9
2020071900,6,10
2020071901,6,11
2020071902,3,12
2020071916,4,1
2020071918,2,1
2020071919,6,2
2020071920,6,3
2020071921,6,4
2020071922,6,5
2020071923,6,6
2020072000,6,7
2020072001,6,8
2020072002,4,9
2020072016,6,1
2020072017,6,2
2020072018,6,3
2020072019,6,4
2020072020,6,5
2020072021,6,6
2020072022,6,7
2020072023,6,8
2020072100,6,9
2020072101,6,10
2020072102,3,11
2020072116,5,1
2020072117,6,2
2020072118,6,3
2020072119,6,4
2020072120,6,5
2020072121,6,6
2020072122,6,7
2020072123,6,8
2020072200,6,9
2020072201,6,10
2020072202,1,11
2020072317,2,1
2020072318,6,2
2020072319,6,3
2020072320,6,4
2020072321,6,5
2020072322,5,6
2020072323,6,7
2020072400,6,8
2020072401,5,9
2020072417,1,1
2020072418,6,2
2020072419,6,3
2020072420,6,4
2020072421,6,5
2020072422,6,6
2020072423,6,7
2020072500,6,8
2020072501,6,9
2020072502,4,10
2020072516,5,1
2020072517,3,2
2020072518,6,3
2020072519,6,4
2020072520,6,5
2020072521,6,6
2020072522,6,7
2020072523,6,8
2020072600,6,9
2020072601,6,10
2020072602,6,11
2020072603,2,12
2020072604,2,13
2020072605,5,14
2020072606,4,15
2020072616,2,1
2020072617,6,2
2020072618,6,3
2020072619,6,4
2020072620,6,5
2020072621,6,6
2020072622,5,7
2020072623,3,8
2020072700,5,9
2020072701,6,10
2020072702,2,11
2020072716,1,1
2020072717,6,2
2020072718,6,3
2020072719,6,4
2020072720,6,5
2020072721,6,6
2020072722,6,7
2020072723,5,8
2020072800,1,9
2020072821,5,1
2020072822,6,2
2020072823,6,3
2020072900,6,4
2020072901,4,5
2020072918,2,1
2020072919,6,2
2020072920,6,3
2020072921,6,4
2020072922,6,5
2020072923,6,6
2020073000,6,7
2020073001,6,8
2020073002,4,9
2020073015,6,1
2020073016,6,2
2020073017,6,3
2020073018,6,4
2020073019,6,5
2020073020,6,6
2020073021,6,7
2020073022,6,8
2020073023,6,9
2020073100,6,10
2020073101,6,11
2020073102,6,12
2020073103,6,13
2020073104,5,14
2020073105,6,15
2020073106,6,16
2020073107,6,17
2020073108,6,18
2020073109,6,19
2020073110,6,20
2020073111,1,21
2020073112,4,22
2020073113,6,23
2020073114,1,24
2020073115,6,25
2020073116,6,26
2020073117,6,27
2020073118,6,28
2020073119,6,29
2020073120,6,30
2020073121,6,31
2020073122,6,32
2020073123,6,33
2020080100,6,34
2020080101,6,35
2020080102,6,36
2020080103,6,37
2020080104,3,38
2020080105,5,39
2020080106,6,40
2020080107,6,41
2020080108,2,42
2020080109,1,43
2020080111,1,1
2020080112,5,2
2020080113,1,3
2020080115,6,1
2020080116,6,2
2020080117,6,3
2020080118,6,4
2020080119,6,5
2020080120,6,6
2020080121,6,7
2020080122,6,8
2020080123,6,9
2020080200,6,10
2020080201,6,11
2020080202,5,12
2020080203,6,13
2020080204,6,14
2020080205,6,15
2020080206,6,16
2020080207,6,17
2020080208,6,18
2020080209,6,19
2020080210,6,20
2020080211,6,21
2020080212,3,22
2020080214,4,1
2020080215,6,2
2020080216,6,3
2020080217,6,4
2020080218,6,5
2020080219,6,6
2020080220,6,7
2020080221,6,8
2020080222,6,9
2020080223,6,10
2020080300,6,11
2020080301,6,12
2020080302,6,13
2020080303,6,14
2020080304,6,15
2020080305,6,16
2020080306,6,17
2020080307,6,18
2020080308,5,19
2020080309,4,20
2020080310,6,21
2020080311,1,22
2020080312,4,23
2020080313,4,24
2020080314,4,25
2020080315,6,26
2020080316,6,27
2020080317,6,28
2020080318,6,29
2020080319,6,30
2020080320,6,31
2020080321,6,32
2020080322,6,33
2020080323,6,34
2020080400,6,35
2020080401,6,36
2020080402,6,37
2020080403,6,38
2020080406,4,1
2020080407,1,2
2020080417,6,1
2020080418,6,2
2020080419,6,3
2020080420,6,4
2020080421,6,5
2020080422,6,6
2020080423,6,7
2020080500,6,8
2020080501,6,9
2020080502,6,10
2020080515,5,1
2020080516,6,2
2020080517,6,3
2020080518,6,4
2020080519,6,5
2020080520,6,6
2020080521,6,7
2020080522,6,8
2020080523,6,9
2020080600,6,10
2020080601,6,11
2020080602,6,12
2020080603,6,13
2020080604,6,14
2020080605,6,15
2020080606,4,16
2020080609,1,1
2020080612,1,1
2020080613,1,2
2020080614,5,3
2020080615,6,4
2020080616,6,5
2020080617,6,6
2020080618,6,7
2020080619,6,8
2020080620,6,9
2020080621,6,10
2020080622,6,11
2020080623,6,12
2020080700,6,13
2020080701,6,14
2020080702,6,15
2020080703,6,16
2020080704,6,17
2020080705,6,18
2020080706,6,19
2020080707,6,20
2020080708,5,21
2020080709,4,22
2020080710,6,23
2020080711,4,24
2020080713,1,1
2020080714,5,2
2020080715,6,3
2020080716,6,4
2020080717,6,5
2020080718,6,6
2020080719,6,7
2020080720,6,8
2020080721,6,9
2020080722,6,10
2020080723,6,11
2020080800,6,12
2020080801,6,13
2020080802,6,14
2020080803,4,15
2020080804,2,16
2020080806,1,1
2020080808,5,1
2020080809,4,2
2020080810,1,3
2020080811,5,4
2020080812,6,5
2020080813,6,6
2020080814,6,7
2020080815,6,8
2020080816,6,9
2020080817,6,10
2020080818,6,11
2020080819,6,12
2020080820,6,13
2020080821,6,14
2020080822,6,15
2020080823,6,16
2020080900,6,17
2020080901,6,18
2020080902,6,19
2020080903,6,20
2020080904,6,21
2020080905,6,22
2020080906,6,23
2020080907,6,24
2020080908,4,25
2020080909,4,26
2020080910,6,27
2020080911,6,28
2020080912,6,29
2020080913,6,30
2020080914,6,31
2020080915,6,32
2020080916,6,33
2020080917,6,34
2020080918,6,35
2020080919,6,36
2020080920,6,37
2020080921,6,38
2020080922,6,39
2020080923,6,40
2020081000,6,41
2020081001,6,42
2020081002,6,43
2020081003,6,44
2020081004,6,45
2020081005,6,46
2020081006,6,47
2020081007,5,48
2020081008,2,49
2020081009,4,50
2020081010,6,51
2020081011,2,52
2020081014,6,1
2020081015,6,2
2020081016,6,3
2020081017,6,4
2020081018,6,5
2020081019,6,6
2020081020,6,7
2020081021,6,8
2020081022,6,9
2020081023,6,10
2020081100,6,11
2020081101,6,12
2020081102,6,13
2020081103,6,14
2020081104,6,15
2020081105,4,16
2020081106,2,17
2020081108,1,1
2020081115,2,1
2020081116,6,2
2020081117,6,3
2020081118,6,4
2020081119,6,5
2020081120,6,6
2020081121,6,7
2020081122,6,8
2020081123,6,9
2020081200,6,10
2020081201,6,11
2020081202,6,12
2020081203,3,13
2020081215,2,1
2020081216,6,2
2020081217,6,3
2020081218,6,4
2020081219,6,5
2020081220,6,6
2020081221,6,7
2020081222,6,8
2020081223,6,9
2020081300,6,10
2020081301,6,11
2020081302,6,12
2020081315,4,1
2020081316,6,2
2020081317,6,3
2020081318,6,4
2020081319,6,5
2020081320,6,6
2020081321,6,7
2020081322,6,8
2020081323,6,9
2020081400,6,10
2020081401,6,11
2020081402,6,12
2020081403,6,13
2020081404,6,14
2020081405,6,15
2020081406,4,16
2020081407,3,17
2020081409,5,1
2020081410,1,2
2020081414,2,1
2020081415,6,2
2020081416,6,3
2020081417,6,4
2020081418,6,5
2020081419,6,6
2020081420,6,7
2020081421,6,8
2020081422,6,9
2020081423,6,10
2020081500,6,11
2020081501,6,12
2020081502,6,13
2020081503,6,14
2020081504,5,15
2020081505,5,16
2020081506,2,17
2020081510,2,1
2020081515,5,1
2020081516,6,2
2020081517,6,3
2020081518,6,4
2020081519,6,5
2020081520,6,6
2020081521,6,7
2020081522,6,8
2020081523,6,9
2020081600,6,10
2020081601,6,11
2020081602,6,12
2020081603,6,13
2020081604,4,14
2020081605,2,15
2020081606,3,16
2020081608,2,1
2020081615,4,1
2020081616,6,2
2020081617,6,3
2020081618,6,4
2020081619,6,5
2020081620,6,6
2020081621,6,7
2020081622,6,8
2020081623,6,9
2020081700,6,10
2020081701,6,11
2020081702,4,12
2020081703,1,13
2020081704,6,14
2020081705,6,15
2020081706,5,16
2020081707,6,17
2020081708,6,18
2020081709,2,19
2020081710,3,20
2020081711,6,21
2020081712,2,22
2020081713,5,23
2020081714,6,24
2020081715,6,25
2020081716,6,26
2020081717,6,27
2020081718,6,28
2020081719,6,29
2020081720,6,30
2020081721,6,31
2020081722,6,32
2020081723,6,33
2020081800,6,34
2020081801,6,35
2020081802,6,36
2020081803,6,37
2020081804,5,38
2020081805,2,39
2020081806,2,40
2020081807,6,41
2020081808,2,42
2020081809,3,43
2020081810,3,44
2020081811,2,45
2020081812,6,46
2020081813,6,47
2020081814,1,48
2020081815,5,49
2020081816,4,50
2020081817,6,51
2020081818,6,52
2020081819,6,53
2020081820,6,54
2020081821,6,55
2020081822,6,56
2020081823,6,57
2020081900,6,58
2020081901,6,59
2020081902,6,60
2020081903,6,61
2020081904,6,62
2020081905,6,63
2020081906,4,64
2020081907,6,65
2020081908,5,66
2020081909,1,67
2020081910,3,68
2020081911,2,69
2020081913,3,1
2020081914,6,2
2020081915,6,3
2020081916,6,4
2020081917,6,5
2020081918,6,6
2020081919,6,7
2020081920,6,8
2020081921,6,9
2020081922,6,10
2020081923,6,11
2020082000,6,12
2020082001,6,13
2020082002,6,14
2020082003,4,15
2020082009,4,1
2020082010,5,2
2020082011,1,3
2020082015,6,1
2020082016,6,2
2020082017,6,3
2020082018,6,4
2020082019,6,5
2020082020,6,6
2020082021,6,7
2020082022,6,8
2020082023,6,9
2020082100,6,10
2020082101,6,11
2020082102,4,12
2020082116,3,1
2020082117,6,2
2020082118,6,3
2020082119,6,4
2020082120,6,5
2020082121,6,6
2020082122,6,7
2020082123,6,8
2020082200,6,9
2020082201,6,10
2020082202,6,11
2020082203,6,12
2020082204,6,13
2020082205,6,14
2020082206,6,15
2020082207,6,16
2020082208,6,17
2020082209,6,18
2020082210,2,19
2020082211,6,20
2020082212,6,21
2020082213,3,22
2020082214,4,23
2020082215,6,24
2020082216,6,25
2020082217,6,26
2020082218,6,27
2020082219,6,28
2020082220,6,29
2020082221,6,30
2020082222,6,31
2020082223,6,32
2020082300,6,33
2020082301,6,34
2020082302,4,35
2020082304,2,1
2020082306,2,1
2020082317,6,1
2020082318,6,2
2020082319,6,3
2020082320,6,4
2020082321,6,5
2020082322,6,6
2020082323,6,7
2020082400,6,8
2020082401,6,9
2020082402,6,10
2020082403,1,11
2020082417,4,1
2020082418,6,2
2020082419,6,3
2020082420,6,4
2020082421,6,5
2020082422,6,6
2020082423,6,7
2020082500,6,8
2020082501,6,9
2020082502,2,10
2020082516,2,1
2020082517,6,2
2020082518,6,3
2020082519,6,4
2020082520,6,5
2020082521,6,6
2020082522,3,7
2020082523,6,8
2020082600,6,9
2020082601,2,10
2020082617,4,1
2020082618,1,2
2020082619,1,3
2020082620,6,4
2020082621,6,5
2020082622,6,6
2020082623,6,7
2020082700,6,8
2020082701,6,9
2020082702,4,10
2020082715,6,1
2020082716,6,2
2020082717,6,3
2020082718,6,4
2020082719,6,5
2020082720,6,6
2020082721,6,7
2020082722,6,8
2020082723,6,9
2020082800,6,10
2020082801,6,11
2020082802,6,12
2020082817,6,1
2020082818,6,2
2020082819,6,3
2020082820,6,4
2020082821,6,5
2020082822,6,6
2020082823,6,7
2020082900,6,8
2020082901,6,9
2020082902,2,10
2020082915,5,1
2020082916,6,2
2020082917,6,3
2020082918,6,4
2020082919,6,5
2020082920,6,6
2020082921,6,7
2020082922,6,8
2020082923,6,9
2020083000,6,10
2020083001,6,11
2020083002,6,12
2020083003,5,13
2020083016,6,1
2020083017,6,2
2020083018,6,3
2020083019,6,4
2020083020,6,5
2020083021,6,6
2020083022,6,7
2020083023,6,8
2020083100,6,9
2020083101,6,10
2020083102,5,11
2020083115,3,1
2020083116,6,2
2020083117,6,3
2020083118,6,4
2020083119,6,5
2020083120,6,6
2020083121,6,7
2020083122,6,8
2020083123,6,9
2020090100,6,10
2020090101,6,11
2020090102,4,12
2020090220,4,1
2020090221,6,2
2020090222,6,3
2020090223,6,4
2020090300,6,5
2020090301,6,6
2020090302,4,7
2020090303,1,8
2020090315,2,1
2020090316,6,2
2020090317,6,3
2020090318,6,4
2020090319,6,5
2020090320,6,6
2020090321,6,7
2020090322,6,8
2020090323,6,9
2020090400,6,10
2020090401,6,11
2020090402,3,12
2020090415,6,1
2020090416,6,2
2020090417,6,3
2020090418,6,4
2020090419,6,5
2020090420,6,6
2020090421,6,7
2020090422,6,8
2020090423,6,9
2020090500,6,10
2020090501,6,11
2020090502,6,12
2020090503,2,13
2020090515,6,1
2020090516,6,2
2020090517,6,3
2020090518,6,4
2020090519,6,5
2020090520,6,6
2020090521,6,7
2020090522,6,8
2020090523,6,9
2020090600,6,10
2020090601,6,11
2020090602,6,12
2020090603,6,13
2020090604,6,14
2020090605,6,15
2020090606,6,16
2020090607,6,17
2020090608,6,18
2020090609,6,19
2020090610,6,20
2020090611,6,21
2020090612,5,22
2020090613,2,23
2020090614,6,24
2020090615,6,25
2020090616,6,26
2020090617,6,27
2020090618,6,28
2020090619,6,29
2020090620,6,30
2020090621,6,31
2020090622,6,32
2020090623,6,33
2020090700,6,34
2020090701,6,35
2020090702,6,36
2020090703,6,37
2020090704,6,38
2020090705,5,39
2020090706,3,40
2020090715,1,1
2020090716,6,2
2020090717,6,3
2020090718,6,4
2020090719,6,5
2020090720,6,6
2020090721,6,7
2020090722,6,8
2020090723,6,9
2020090800,6,10
2020090801,6,11
2020090802,6,12
2020090803,6,13
2020090804,5,14
2020091012,6,1
2020091013,6,2
2020091014,5,3
2020091015,6,4
2020091016,6,5
2020091017,6,6
2020091018,6,7
2020091019,6,8
2020091020,6,9
2020091021,6,10
2020091022,6,11
2020091023,6,12
2020091116,3,1
2020091117,6,2
2020091118,6,3
2020091119,6,4
2020091120,6,5
2020091121,6,6
2020091122,6,7
2020091123,6,8
2020091200,6,9
2020091201,6,10
2020091202,6,11
2020091203,2,12
2020091204,1,13
2020091215,6,1
2020091216,6,2
2020091217,6,3
2020091218,6,4
2020091219,6,5
2020091220,6,6
2020091221,6,7
2020091222,6,8
2020091223,6,9
2020091300,6,10
2020091301,6,11
2020091302,6,12
2020091303,6,13
2020091304,6,14
2020091305,5,15
2020091306,2,16
2020091310,6,1
2020091311,6,2
2020091312,6,3
2020091313,6,4
2020091314,6,5
2020091315,6,6
2020091316,6,7
2020091317,6,8
2020091318,6,9
2020091319,6,10
2020091320,6,11
2020091321,6,12
2020091322,6,13
2020091323,6,14
2020091400,6,15
2020091401,6,16
2020091402,6,17
2020091403,6,18
2020091404,6,19
2020091405,3,20
2020091407,4,1
2020091408,2,2
2020091409,6,3
2020091410,1,4
2020091411,6,5
2020091412,6,6
2020091413,6,7
2020091414,5,8
2020091415,6,9
2020091416,6,10
2020091417,6,11
2020091418,6,12
2020091419,6,13
2020091420,6,14
2020091421,6,15
2020091422,6,16
2020091423,6,17
2020091500,6,18
2020091501,6,19
2020091502,6,20
2020091503,6,21
2020091504,6,22
2020091505,6,23
2020091506,6,24
2020091507,6,25
2020091508,6,26
2020091509,6,27
2020091510,6,28
2020091511,6,29
2020091512,5,30
2020091513,6,31
2020091514,6,32
2020091515,4,33
2020091516,6,34
2020091517,6,35
2020091518,6,36
2020091519,6,37
2020091520,6,38
2020091521,6,39
2020091522,6,40
2020091523,6,41
2020091600,6,42
2020091601,6,43
2020091602,6,44
2020091603,6,45
2020091604,6,46
2020091605,6,47
2020091606,6,48
2020091607,6,49
2020091608,6,50
2020091609,6,51
2020091610,6,52
2020091611,6,53
2020091612,4,54
2020091613,6,55
2020091614,6,56
2020091615,6,57
2020091616,6,58
2020091617,6,59
2020091618,6,60
2020091619,6,61
2020091620,6,62
2020091621,6,63
2020091622,6,64
2020091623,6,65
2020091700,6,66
2020091701,6,67
2020091702,6,68
2020091703,6,69
2020091704,6,70
2020091705,6,71
2020091706,5,72
2020091707,6,73
2020091708,2,74
2020091709,6,75
2020091710,4,76
2020091711,3,77
2020091713,1,1
2020091714,6,2
2020091715,3,3
2020091716,6,4
2020091717,6,5
2020091718,6,6
2020091719,6,7
2020091720,6,8
2020091721,6,9
2020091722,6,10
2020091723,6,11
2020091800,6,12
2020091801,6,13
2020091802,6,14
2020091803,6,15
2020091804,6,16
2020091805,6,17
2020091806,6,18
2020091807,6,19
2020091808,6,20
2020091809,6,21
2020091810,6,22
2020091811,6,23
2020091812,6,24
2020091813,6,25
2020091814,6,26
2020091815,6,27
2020091816,6,28
2020091817,6,29
2020091818,6,30
2020091819,6,31
2020091820,6,32
2020091821,6,33
2020091822,6,34
2020091823,6,35
2020091900,6,36
2020091901,6,37
2020091902,6,38
2020091903,6,39
2020091904,6,40
2020091905,6,41
2020091906,6,42
2020091907,6,43
2020091908,6,44
2020091909,6,45
2020091910,4,46
2020092116,6,1
2020092117,5,2
2020092118,6,3
2020092119,6,4
2020092120,6,5
2020092121,6,6
2020092122,6,7
2020092123,6,8
2020092200,6,9
2020092201,5,10
2020092215,1,1
2020092216,6,2
2020092217,6,3
2020092218,6,4
2020092219,6,5
2020092220,6,6
2020092221,6,7
2020092222,6,8
2020092223,6,9
2020092300,6,10
2020092301,6,11
2020092302,3,12
2020092316,2,1
2020092317,6,2
2020092318,6,3
2020092319,6,4
2020092320,6,5
2020092321,6,6
2020092322,6,7
2020092323,6,8
2020092400,6,9
2020092401,6,10
2020092402,4,11
2020092409,1,1
2020092414,1,1
2020092415,6,2
2020092416,6,3
2020092417,6,4
2020092418,6,5
2020092419,6,6
2020092420,6,7
2020092421,6,8
2020092422,6,9
2020092423,6,10
2020092500,6,11
2020092501,6,12
2020092502,6,13
2020092503,6,14
2020092504,5,15
2020092505,2,16
2020092516,6,1
2020092517,6,2
2020092518,6,3
2020092519,6,4
2020092520,6,5
2020092521,6,6
2020092522,6,7
2020092523,6,8
2020092600,6,9
2020092601,6,10
2020092602,2,11
2020092614,4,1
2020092615,6,2
2020092616,2,3
2020092816,4,1
2020092817,6,2
2020092818,1,3
2020092819,2,4
2020092820,6,5
2020092821,6,6
2020092822,6,7
2020092823,6,8
2020092900,6,9
2020092915,3,1
2020092916,6,2
2020092917,6,3
2020092918,6,4
2020092919,6,5
2020092920,6,6
2020092921,6,7
2020092922,6,8
2020092923,6,9
2020093000,6,10
2020093001,4,11
2020093015,3,1
2020093016,6,2
2020093017,6,3
2020093018,6,4
2020093019,6,5
2020093020,6,6
2020093021,6,7
2020093022,6,8
2020093023,6,9
2020100100,6,10
2020100101,6,11
2020100112,6,1
2020100113,6,2
2020100114,6,3
2020100115,6,4
2020100116,6,5
2020100117,6,6
2020100118,6,7
2020100119,6,8
2020100120,6,9
2020100121,6,10
2020100122,6,11
2020100123,6,12
2020100200,5,13
2020100215,6,1
2020100216,6,2
2020100217,6,3
2020100218,6,4
2020100219,6,5
2020100220,6,6
2020100221,6,7
2020100222,6,8
2020100223,6,9
2020100300,6,10
2020100301,6,11
2020100302,6,12
2020100303,5,13
2020100304,3,14
2020100305,1,15
2020100316,6,1
2020100317,6,2
2020100318,6,3
2020100319,6,4
2020100320,6,5
2020100321,6,6
2020100322,6,7
2020100323,6,8
2020100400,6,9
2020100416,5,1
2020100417,6,2
2020100418,6,3
2020100419,6,4
2020100420,6,5
2020100421,6,6
2020100422,6,7
2020100423,6,8
2020100500,6,9
2020100501,6,10
2020100502,6,11
2020100503,6,12
2020100504,6,13
2020100505,5,14
2020100506,6,15
2020100507,4,16
2020100515,5,1
2020100516,6,2
2020100517,6,3
2020100518,6,4
2020100519,6,5
2020100520,6,6
2020100521,6,7
2020100522,6,8
2020100523,6,9
2020100600,6,10
2020100601,6,11
2020100602,6,12
2020100603,6,13
2020100604,6,14
2020100605,6,15
2020100606,5,16
2020100607,6,17
2020100608,3,18
2020100609,3,19
2020100610,2,20
2020100615,4,1
2020100616,6,2
2020100617,6,3
2020100618,6,4
2020100619,6,5
2020100620,6,6
2020100621,6,7
2020100622,6,8
2020100623,6,9
2020100700,6,10
2020100701,6,11
2020100702,6,12
2020100703,6,13
2020100704,6,14
2020100705,6,15
2020100706,6,16
2020100707,6,17
2020100708,6,18
2020100709,5,19
2020100710,5,20
2020100711,6,21
2020100712,6,22
2020100713,6,23
2020100714,6,24
2020100715,6,25
2020100716,6,26
2020100717,6,27
2020100718,6,28
2020100719,6,29
2020100720,6,30
2020100721,6,31
2020100722,6,32
2020100723,6,33
2020100800,6,34
2020100801,6,35
2020100802,6,36
2020100803,6,37
2020100804,6,38
2020100805,6,39
2020100806,6,40
2020100807,6,41
2020100808,6,42
2020100809,6,43
2020100810,6,44
2020100811,6,45
2020100812,6,46
2020100813,6,47
2020100814,6,48
2020100815,6,49
2020100816,6,50
2020100817,6,51
2020100818,6,52
2020100819,6,53
2020100820,6,54
2020100821,6,55
2020100822,6,56
2020100823,6,57
2020100900,6,58
2020100901,6,59
2020100902,6,60
2020100903,6,61
2020100904,6,62
2020100905,6,63
2020100906,6,64
2020100907,6,65
2020100908,5,66
2020100909,6,67
2020100910,2,68
2020100911,2,69
2020100916,4,1
2020100917,6,2
2020100918,6,3
2020100919,6,4
2020100920,6,5
2020100921,6,6
2020100922,6,7
2020100923,6,8
2020101000,6,9
2020101001,4,10
2020101015,2,1
2020101016,6,2
2020101017,6,3
2020101018,6,4
2020101019,6,5
2020101020,6,6
2020101021,6,7
2020101022,6,8
2020101023,6,9
2020101100,6,10
2020101101,6,11
2020101102,6,12
2020101103,6,13
2020101104,6,14
2020101105,2,15
2020101217,2,1
2020101218,6,2
2020101219,6,3
2020101220,6,4
2020101221,6,5
2020101222,6,6
2020101223,6,7
2020101300,6,8
2020101301,1,9
2020101316,2,1
2020101317,6,2
2020101318,6,3
2020101319,6,4
2020101320,6,5
2020101321,6,6
2020101322,6,7
2020101323,6,8
2020101400,6,9
2020101401,6,10
2020101402,1,11
2020101403,4,12
2020101404,6,13
2020101405,6,14
2020101406,6,15
2020101407,6,16
2020101408,6,17
2020101409,6,18
2020101410,6,19
2020101411,6,20
2020101412,1,21
2020101523,1,1
2020101617,6,1
2020101618,6,2
2020101619,6,3
2020101620,6,4
2020101621,6,5
2020101622,6,6
2020101623,6,7
2020101700,5,8
2020101716,4,1
2020101717,6,2
2020101718,6,3
2020101719,6,4
2020101720,6,5
2020101721,6,6
2020101722,6,7
2020101723,6,8
2020101800,6,9
2020101801,6,10
2020101804,6,1
2020101805,1,2
2020101816,6,1
2020101817,6,2
2020101818,6,3
2020101819,6,4
2020101820,6,5
2020101821,6,6
2020101822,6,7
2020101823,6,8
2020101900,6,9
2020101901,4,10
2020101919,4,1
2020101920,6,2
2020101921,6,3
2020101922,6,4
2020101923,6,5
2020102000,6,6
2020102001,4,7
2020102016,3,1
2020102017,6,2
2020102018,6,3
2020102019,6,4
2020102020,6,5
2020102021,6,6
2020102022,2,7
2020102120,2,1
2020102121,6,2
2020102122,6,3
2020102123,6,4
2020102200,4,5
2020102318,3,1
2020102319,6,2
2020102320,4,3
2020102321,4,4
2020102322,4,5
2020102323,3,6
2020102423,3,1
2020102500,1,2
2020102619,5,1
2020102620,6,2
2020102621,2,3
2020102720,3,1
2020103019,6,1
2020103020,6,2
2020103021,6,3
2020103022,6,4
2020103023,6,5
2020103100,5,6
2020103111,1,1
2020103112,2,2
2020103116,2,1
2020103117,5,2
2020103118,4,3
2020103120,6,1
2020103121,6,2
2020103122,6,3
2020103123,4,4
2020110116,3,1
2020110117,6,2
2020110118,6,3
2020110119,6,4
2020110120,6,5
2020110121,6,6
2020110122,6,7
2020110123,6,8
2020110200,1,9
2020110201,1,10
2020110211,2,1
2020110215,1,1
2020110216,6,2
2020110217,6,3
2020110218,6,4
2020110219,6,5
2020110220,6,6
2020110221,6,7
2020110222,6,8
2020110223,6,9
2020110300,6,10
2020110301,5,11
2020110317,3,1
2020110318,6,2
2020110319,6,3
2020110320,6,4
2020110321,6,5
2020110322,6,6
2020110323,5,7
2020110419,1,1
2020110420,6,2
2020110421,6,3
2020110422,6,4
2020110423,6,5
2020110516,5,1
2020110517,6,2
2020110518,6,3
2020110519,6,4
2020110520,6,5
2020110521,6,6
2020110522,6,7
2020110523,6,8
2020110600,6,9
2020110601,3,10
2020110602,1,11
2020110612,1,1
2020110613,4,2
2020110614,6,3
2020110615,6,4
2020110616,6,5
2020110617,6,6
2020110618,6,7
2020110619,6,8
2020110620,6,9
2020110621,6,10
2020110622,6,11
2020110623,6,12
2020110700,6,13
2020110701,6,14
2020110702,6,15
2020110703,6,16
2020110704,6,17
2020110705,6,18
2020110706,6,19
2020110707,6,20
2020110708,5,21
2020110709,6,22
2020110710,3,23
2020110711,2,24
2020110717,1,1
2020111318,5,1
2020111319,6,2
2020111320,6,3
2020111321,6,4
2020111322,4,5
2020111716,2,1
2020111717,6,2
2020111718,6,3
2020111719,6,4
2020111720,6,5
2020111721,6,6
2020111722,6,7
2020111723,6,8
2020111800,6,9
2020111801,6,10
2020111802,6,11
2020111803,6,12
2020111804,6,13
2020111805,6,14
2020111806,6,15
2020111807,6,16
2020111808,6,17
2020111809,6,18
2020111810,6,19
2020111811,6,20
2020111812,3,21
2020111821,6,1
2020111822,2,2
2020112220,2,1
2020120221,5,1
