MODY,0.00,0.50,1.00,5.00,10.00,15.00,20.00,25.00,30.00,35.00,40.00,45.00,50.00,55.00,60.00,65.00,70.00,75.00,80.00,85.00,90.00,95.00,99.00,99.50,100.00,
0101,7.370,35.685,38.417,49.208,55.758,59.998,63.758,66.740,69.000,72.030,74.030,76.745,79.260,80.630,85.360,86.040,89.769,92.550,92.790,93.020,100.000,100.000,100.000,100.000,100.000,
0102,17.920,35.807,38.320,49.020,55.761,60.000,63.772,66.957,69.299,72.769,74.480,78.100,79.580,82.850,85.590,86.370,92.360,92.670,92.910,97.677,100.000,100.000,100.000,100.000,655.350,
0103,17.920,35.820,38.636,50.077,56.160,60.510,64.244,67.760,69.850,73.450,74.998,78.770,80.030,84.870,85.820,86.580,92.420,92.730,92.960,99.274,100.000,100.000,100.000,100.000,655.350,
0104,17.920,36.010,39.920,51.270,56.739,60.947,64.660,68.110,70.594,73.840,75.710,79.100,80.190,84.939,85.930,86.790,92.480,92.730,92.960,99.260,100.000,100.000,100.000,100.000,655.350,
0105,17.920,37.103,40.803,51.560,57.463,61.264,64.900,68.328,70.808,73.890,75.730,78.940,80.340,84.900,86.000,86.890,92.480,92.790,92.960,99.280,100.000,100.000,100.000,100.000,655.350,
0106,0.840,39.318,42.575,52.130,57.860,61.652,65.260,68.560,71.470,74.220,76.810,79.420,80.790,85.360,86.300,90.643,92.610,92.910,93.080,100.000,100.000,100.000,100.000,100.000,655.350,
0107,0.840,40.095,43.897,53.030,58.468,62.241,65.740,69.000,72.430,74.600,77.874,79.753,82.490,85.590,86.480,92.220,92.730,92.960,95.186,100.000,100.000,100.000,100.000,100.000,655.350,
0108,0.840,40.029,43.973,53.120,58.950,63.075,66.670,69.220,72.850,74.730,78.060,79.890,82.590,85.590,86.480,92.420,92.790,92.960,97.920,100.000,100.000,100.000,100.000,100.000,655.350,
0109,0.840,39.320,42.779,52.700,58.950,63.005,66.540,69.220,72.870,74.780,78.420,80.040,83.730,85.880,86.580,92.550,92.850,93.020,99.250,100.000,100.000,100.000,100.000,100.000,655.350,
0110,0.840,37.761,41.800,52.700,59.100,63.130,66.684,69.220,73.011,74.780,78.610,80.190,84.685,85.930,86.790,92.550,92.850,93.020,99.270,100.000,100.000,100.000,100.000,100.000,655.350,
0111,0.840,37.816,41.800,52.455,58.980,63.145,66.650,69.220,72.835,74.760,78.570,80.190,84.760,86.040,86.990,92.550,92.850,93.020,99.280,100.000,100.000,100.000,100.000,100.000,655.350,
0112,0.840,37.828,41.399,52.647,59.150,63.200,66.710,69.220,72.850,74.765,78.610,80.190,84.870,86.120,88.050,92.550,92.850,93.020,99.270,100.000,100.000,100.000,100.000,100.000,655.350,
0113,0.840,36.750,40.870,51.837,58.140,62.700,66.008,69.000,71.960,74.259,77.776,79.893,83.030,85.710,86.580,92.360,92.730,92.960,94.230,100.000,100.000,100.000,100.000,100.000,655.350,
0114,0.840,36.750,39.938,51.270,57.793,62.180,65.612,68.780,71.486,74.220,77.304,79.740,82.185,85.590,86.480,92.360,92.730,92.960,94.206,100.000,100.000,100.000,100.000,100.000,655.350,
0115,0.840,36.434,39.320,51.040,57.322,61.636,65.130,68.550,70.916,73.884,76.370,79.580,81.060,85.300,86.370,92.125,92.670,92.960,94.120,100.000,100.000,100.000,100.000,100.000,655.350,
0116,0.840,36.186,39.320,51.015,57.320,61.270,65.016,68.560,71.126,74.220,77.746,79.890,82.890,85.590,86.480,92.420,92.730,92.960,94.872,100.000,100.000,100.000,100.000,100.000,100.000,
0117,9.240,36.242,39.204,51.270,57.500,61.380,64.900,68.110,70.470,73.840,76.390,79.420,81.060,84.990,86.150,90.300,92.610,92.910,93.190,100.000,100.000,100.000,100.000,100.000,100.000,
0118,9.240,34.207,37.980,50.680,56.950,61.270,64.838,68.110,70.102,73.518,75.208,78.940,80.490,84.740,85.820,87.000,92.550,92.850,93.092,100.000,100.000,100.000,100.000,100.000,100.000,
0119,9.240,34.154,37.938,50.680,57.698,62.303,65.238,68.560,70.957,74.030,76.706,79.420,81.220,84.990,86.260,91.026,92.670,92.960,95.702,100.000,100.000,100.000,100.000,100.000,100.000,
0120,9.240,34.397,38.366,51.466,58.140,62.950,65.860,69.060,72.440,74.706,78.100,80.056,84.490,85.710,86.580,92.480,92.850,93.020,99.280,100.000,100.000,100.000,100.000,100.000,100.000,
0121,9.240,34.328,38.517,51.560,58.387,63.050,66.160,69.430,73.060,75.054,78.860,80.630,84.740,85.820,87.234,92.550,92.910,93.130,100.000,100.000,100.000,100.000,100.000,100.000,100.000,
0122,9.240,33.066,37.731,51.195,58.140,62.700,65.780,69.220,72.850,74.960,78.940,80.630,84.870,85.930,87.770,92.610,92.910,93.190,100.000,100.000,100.000,100.000,100.000,100.000,100.000,
0123,9.240,32.867,37.719,50.980,57.860,62.440,65.560,69.000,72.650,74.780,78.640,80.495,84.740,85.930,87.110,92.610,92.910,93.200,100.000,100.000,100.000,100.000,100.000,100.000,100.000,
0124,9.240,33.962,38.091,51.441,58.164,62.700,65.600,69.200,73.040,74.960,78.812,80.630,84.870,86.150,89.284,92.730,92.960,95.720,100.000,100.000,100.000,100.000,100.000,100.000,100.000,
0125,9.240,34.048,38.099,51.850,58.676,62.950,65.860,69.360,73.218,74.980,79.100,80.900,85.230,86.370,92.360,92.810,92.960,98.550,100.000,100.000,100.000,100.000,100.000,100.000,100.000,
0126,9.240,34.086,38.351,51.850,58.680,63.047,66.120,69.477,73.450,75.465,79.580,82.972,85.710,86.680,92.610,92.850,93.020,99.280,100.000,100.000,100.000,100.000,100.000,100.000,100.000,
0127,11.320,33.130,37.281,50.426,57.296,61.793,64.900,68.983,72.097,74.600,78.610,80.500,85.240,86.260,92.208,92.790,92.960,98.540,100.000,100.000,100.000,100.000,100.000,100.000,100.000,
0128,11.320,32.820,37.048,48.340,55.730,60.562,64.280,68.110,70.470,74.030,77.032,80.040,84.740,86.150,90.274,92.790,92.960,98.510,100.000,100.000,100.000,100.000,100.000,100.000,100.000,
0129,11.320,33.716,37.970,47.450,54.800,59.480,63.330,66.460,69.430,73.250,75.320,79.715,83.030,86.040,88.742,92.730,92.960,97.740,100.000,100.000,100.000,100.000,100.000,100.000,100.000,
0130,11.320,33.650,37.660,46.840,53.680,58.030,61.530,64.660,68.140,70.939,74.410,78.532,80.580,85.710,86.580,92.610,92.850,93.020,99.280,100.000,100.000,100.000,100.000,100.000,100.000,
0131,11.320,32.913,37.300,46.290,52.980,57.427,60.776,63.940,67.124,69.640,73.354,75.320,79.580,81.340,85.930,87.190,92.670,92.910,96.388,100.000,100.000,100.000,100.000,100.000,100.000,
0201,11.070,31.474,36.303,46.000,52.792,57.252,60.510,63.700,66.800,69.430,72.872,74.999,79.100,80.490,85.590,86.480,92.610,92.850,94.258,100.000,100.000,100.000,100.000,100.000,100.000,
0202,11.070,17.388,34.153,46.000,52.685,57.023,60.510,63.700,66.680,69.220,72.440,74.780,78.915,80.190,85.220,86.260,92.355,92.850,93.080,100.000,100.000,100.000,100.000,100.000,100.000,
0203,11.070,17.388,32.232,45.000,51.758,56.101,59.646,62.690,65.130,68.110,70.270,73.840,76.650,79.580,81.098,85.820,87.736,92.790,92.960,100.000,100.000,100.000,100.000,100.000,100.000,
0204,0.000,17.321,31.471,44.324,50.980,55.580,58.950,61.820,64.660,67.650,69.650,73.080,75.140,79.100,80.190,85.278,86.370,92.550,92.910,97.800,100.000,100.000,100.000,100.000,100.000,
0205,0.000,17.282,29.402,43.160,50.072,54.800,58.250,61.010,63.830,66.582,68.940,71.810,74.150,77.696,79.700,80.920,85.820,86.580,92.730,93.020,100.000,100.000,100.000,100.000,100.000,
0206,0.000,17.224,28.231,42.890,49.360,53.920,57.410,60.260,63.110,65.555,68.110,70.060,73.450,75.320,79.420,80.190,85.240,86.150,92.090,92.910,100.000,100.000,100.000,100.000,100.000,
0207,0.000,17.202,27.607,42.983,49.185,53.707,57.140,60.100,63.010,65.370,68.110,70.060,73.450,75.320,79.420,80.340,85.470,86.370,92.550,92.960,100.000,100.000,100.000,100.000,100.000,
0208,0.000,17.264,26.323,42.950,49.285,53.870,57.300,60.260,63.320,66.061,68.560,70.880,73.840,76.449,79.580,80.780,85.820,86.680,92.730,93.080,100.000,100.000,100.000,100.000,100.000,
0209,0.000,17.270,24.248,42.710,49.392,54.096,57.824,60.510,63.700,66.710,68.780,71.680,74.030,77.524,79.740,81.060,85.930,86.900,92.790,93.190,100.000,100.000,100.000,100.000,100.000,
0210,0.000,17.272,24.000,41.791,48.981,53.940,58.034,60.975,64.100,67.190,69.050,72.259,74.220,78.220,79.740,81.200,85.930,86.800,92.790,93.214,100.000,100.000,100.000,100.000,100.000,
0211,0.000,17.362,21.617,39.706,47.750,52.978,56.768,60.220,63.450,66.631,68.780,71.596,74.030,77.822,79.890,82.309,86.040,88.267,92.850,95.092,100.000,100.000,100.000,100.000,100.000,
0212,0.000,17.927,21.988,38.878,46.696,51.778,55.844,59.480,62.758,65.370,68.340,70.060,73.450,75.320,79.580,80.994,85.930,86.890,92.790,93.130,100.000,100.000,100.000,100.000,100.000,
0213,0.000,20.552,23.906,38.048,45.890,50.704,54.868,58.790,61.760,64.614,67.676,69.430,73.060,74.960,79.494,80.780,85.930,86.800,92.790,93.130,100.000,100.000,100.000,100.000,100.000,
0214,0.000,20.667,23.968,38.403,46.000,51.270,55.650,59.740,63.156,66.004,68.700,71.135,74.030,78.261,80.040,83.853,86.370,90.560,92.960,95.030,100.000,100.000,100.000,100.000,100.000,
0215,12.420,20.773,24.027,38.002,45.920,51.050,55.640,59.740,63.200,66.141,68.780,71.900,74.220,79.003,80.366,85.470,86.580,92.550,92.960,96.372,100.000,100.000,100.000,100.000,100.000,
0216,12.420,20.792,23.932,37.450,45.400,50.680,55.350,59.500,62.950,65.735,68.780,71.550,74.320,78.940,80.490,85.710,86.680,92.790,93.020,97.820,100.000,100.000,100.000,100.000,100.000,
0217,12.420,20.788,23.959,36.432,45.095,50.180,55.080,59.210,62.195,65.130,68.560,70.780,74.180,78.282,80.340,85.465,86.580,92.730,93.020,97.850,100.000,100.000,100.000,100.000,100.000,
0218,12.420,20.292,23.540,35.892,44.600,49.896,54.804,59.000,62.084,64.950,68.560,71.020,74.410,78.770,80.432,85.710,86.580,92.670,93.020,97.810,100.000,100.000,100.000,100.000,100.000,
0219,12.230,18.990,22.077,34.670,43.880,49.221,54.626,58.680,61.660,64.660,68.340,70.600,74.220,78.761,80.490,85.590,86.580,92.420,92.910,93.709,100.000,100.000,100.000,100.000,100.000,
0220,0.000,18.551,21.667,33.494,42.550,48.340,53.260,57.520,60.770,64.180,67.650,69.850,73.840,77.130,80.190,85.240,86.370,91.300,92.910,93.130,100.000,100.000,100.000,100.000,100.000,
0221,0.000,18.563,21.807,33.507,42.126,47.750,52.170,56.460,60.000,63.509,66.682,69.442,73.450,76.490,80.040,85.110,86.370,91.255,92.900,93.100,100.000,100.000,100.000,100.000,100.000,
0222,0.000,19.657,23.605,34.030,42.030,46.895,51.560,55.735,59.740,63.200,65.830,69.210,73.450,75.850,79.890,84.080,86.260,89.645,92.850,93.020,100.000,100.000,100.000,100.000,100.000,
0223,0.000,20.349,24.062,34.117,41.935,46.878,51.270,55.400,59.210,62.735,65.130,68.780,73.155,74.995,79.740,81.643,86.150,88.710,92.850,93.020,100.000,100.000,100.000,100.000,100.000,
0224,0.000,21.288,24.892,34.720,42.010,47.020,51.312,55.370,59.043,62.700,65.130,68.934,73.250,74.960,79.740,80.920,86.040,86.890,92.730,93.020,100.000,100.000,100.000,100.000,100.000,
0225,0.000,21.786,25.422,34.880,41.900,46.800,50.680,54.800,58.340,61.440,64.420,68.340,71.660,74.600,79.420,80.630,85.930,86.680,92.730,92.960,100.000,100.000,100.000,100.000,100.000,
0226,0.000,21.159,25.172,34.712,41.800,46.526,50.680,54.800,58.140,61.358,64.420,68.340,71.980,74.780,79.580,80.800,86.150,89.160,92.790,93.020,100.000,100.000,100.000,100.000,100.000,
0227,0.000,20.959,24.748,34.360,40.984,45.941,49.988,54.062,57.250,60.510,64.036,68.030,70.585,74.780,79.580,80.780,86.040,89.230,92.790,93.020,100.000,100.000,100.000,100.000,100.000,
0228,0.000,20.836,24.234,33.745,39.980,45.135,48.930,52.745,56.250,59.740,63.500,66.645,69.430,74.165,78.910,80.490,85.930,87.475,92.780,93.020,100.000,100.000,100.000,100.000,100.000,
0229,16.760,22.069,24.352,30.914,37.128,41.996,46.800,51.050,55.360,58.680,61.234,64.180,67.360,70.114,75.944,81.518,86.680,92.790,92.960,95.524,100.000,100.000,100.000,100.000,100.000,
0301,0.000,19.938,22.917,31.934,38.810,43.830,47.818,51.560,55.190,58.680,61.790,64.582,68.560,72.769,75.140,79.890,85.590,86.680,92.730,92.960,100.000,100.000,100.000,100.000,100.000,
0302,0.000,21.250,24.635,32.068,38.860,43.870,47.914,51.682,55.273,58.550,61.510,64.420,68.340,70.851,74.792,79.740,82.715,86.580,92.790,93.020,100.000,100.000,100.000,100.000,100.000,
0303,12.680,22.054,25.240,32.750,39.320,44.162,48.062,51.850,55.590,58.707,61.726,64.566,68.560,72.283,75.140,79.890,85.820,86.890,92.832,93.080,100.000,100.000,100.000,100.000,100.000,
0304,9.740,21.417,24.667,32.750,39.020,43.970,48.050,51.850,55.640,58.680,61.210,64.420,67.880,70.270,74.780,79.740,84.062,86.680,92.790,93.020,100.000,100.000,100.000,100.000,100.000,
0305,9.740,20.159,24.100,31.877,38.279,43.070,47.426,51.017,54.799,57.250,60.260,63.700,65.600,69.220,73.840,76.349,80.630,86.260,92.730,93.020,99.270,100.000,100.000,100.000,100.000,
0306,9.740,19.338,22.759,30.922,37.204,42.072,46.008,49.510,53.080,56.460,59.740,62.708,64.900,68.780,72.292,75.500,80.490,86.150,92.730,93.020,99.260,100.000,100.000,100.000,100.000,
0307,9.740,18.983,21.957,29.883,35.983,40.240,44.946,48.340,51.850,55.307,57.880,60.650,63.940,66.063,69.640,74.410,79.740,85.817,90.970,92.960,97.127,100.000,100.000,100.000,100.000,
0308,5.710,18.052,20.854,28.940,34.570,38.900,42.950,46.710,49.800,53.010,56.190,59.210,61.710,64.520,68.110,70.680,75.320,80.780,86.790,92.960,95.010,100.000,100.000,100.000,100.000,
0309,5.710,15.508,20.048,28.250,33.079,37.450,41.176,45.100,48.324,51.560,54.800,57.191,60.260,63.450,65.600,69.430,74.030,79.740,85.820,92.406,93.080,100.000,100.000,100.000,100.000,
0310,5.710,14.257,18.276,27.360,32.300,36.750,40.240,44.000,47.450,50.700,53.950,56.720,59.980,62.700,65.130,69.000,73.410,79.100,85.240,90.980,93.080,100.000,100.000,100.000,100.000,
0311,5.710,13.723,17.442,26.920,31.690,35.790,39.162,42.600,46.018,49.195,52.700,55.927,58.905,61.415,64.660,68.340,71.812,77.808,85.688,89.791,93.020,100.000,100.000,100.000,100.000,
0312,5.710,13.871,16.991,26.172,30.920,34.953,38.400,41.490,45.043,48.240,51.850,55.080,57.520,60.510,63.940,66.677,70.470,75.828,83.838,88.438,93.020,100.000,100.000,100.000,100.000,
0313,5.710,13.805,16.957,25.865,30.620,34.573,38.060,40.840,43.900,47.140,50.120,53.120,56.395,59.540,61.990,65.130,69.430,74.780,80.490,86.680,92.960,99.260,100.000,100.000,100.000,
0314,5.710,13.431,16.184,25.302,30.016,33.504,37.050,39.920,42.922,45.982,48.890,52.130,55.180,57.826,60.770,64.660,68.780,74.220,80.224,86.580,92.960,100.000,100.000,100.000,100.000,
0315,5.710,12.888,15.931,24.410,29.110,32.750,36.000,38.970,41.800,44.857,47.820,50.980,53.530,56.477,60.000,63.720,67.955,73.433,80.190,86.480,92.960,100.000,100.000,100.000,100.000,
0316,5.710,12.810,15.461,24.000,28.952,32.450,35.580,38.562,41.110,44.190,47.110,49.909,52.980,56.190,59.486,63.123,67.390,72.375,80.144,86.480,92.960,100.000,100.000,100.000,100.000,
0317,5.710,12.829,15.580,23.825,28.996,32.570,35.820,38.665,41.318,44.490,47.580,50.900,53.820,56.860,60.260,64.420,69.220,74.600,80.490,86.680,92.960,100.000,100.000,100.000,100.000,
0318,5.710,12.541,15.261,23.914,28.882,32.733,35.954,38.815,41.792,45.100,48.340,51.850,55.080,58.151,61.882,66.180,70.832,76.030,82.264,87.090,93.020,100.000,100.000,100.000,100.000,
0319,6.990,12.727,15.619,23.985,29.070,32.921,36.440,39.122,42.101,45.349,48.640,52.420,55.910,59.390,63.450,68.431,73.650,79.138,86.122,89.100,93.080,100.000,100.000,100.000,100.000,
0320,5.360,12.827,16.068,24.179,29.360,33.126,36.750,39.547,42.710,46.016,49.380,52.980,56.460,60.260,64.660,69.640,74.786,80.490,86.500,92.960,93.190,100.000,100.000,100.000,100.000,
0321,0.000,12.535,16.837,24.767,29.655,33.183,36.752,39.630,42.980,46.274,49.510,52.839,56.430,60.132,64.660,69.462,74.759,80.340,86.580,92.960,93.190,100.000,100.000,100.000,100.000,
0322,0.000,12.830,17.300,25.391,30.390,34.309,37.660,40.840,44.200,47.820,51.270,54.315,57.780,61.510,65.770,70.470,75.320,80.630,86.580,92.960,93.190,100.000,100.000,100.000,100.000,
0323,0.000,12.830,18.229,25.917,30.690,34.941,38.310,41.800,45.380,48.833,52.130,55.853,59.650,64.187,69.064,73.994,76.654,81.610,86.890,93.020,94.396,100.000,100.000,100.000,100.000,
0324,0.000,12.754,17.825,25.820,30.690,34.970,38.472,42.023,45.400,48.930,52.646,56.190,60.260,64.900,69.800,74.600,79.845,85.873,87.950,93.020,96.264,100.000,100.000,100.000,100.000,
0325,0.000,13.200,17.812,25.697,30.871,35.046,38.980,42.700,46.219,50.057,53.788,57.689,61.535,66.140,70.680,75.320,80.630,86.580,92.790,93.080,97.140,100.000,100.000,100.000,100.000,
0326,0.000,13.890,17.357,25.890,30.995,35.270,39.320,43.010,46.880,50.828,54.620,58.740,62.720,67.295,71.470,75.840,80.920,86.580,92.790,93.080,97.125,100.000,100.000,100.000,100.000,
0327,0.000,14.568,17.988,26.110,31.280,35.755,39.920,43.610,47.870,51.560,55.360,59.480,63.820,68.560,73.250,76.100,80.940,86.680,92.850,93.080,97.840,100.000,100.000,100.000,100.000,
0328,0.000,14.728,17.972,26.264,31.419,35.890,39.930,43.610,47.760,51.270,55.336,59.480,63.895,68.610,73.650,76.020,80.920,86.680,92.850,93.080,98.562,100.000,100.000,100.000,100.000,
0329,0.000,15.184,17.920,26.271,31.329,35.602,39.900,43.343,47.450,50.980,54.848,58.710,62.785,66.860,71.270,75.670,80.780,86.580,92.850,93.080,99.280,100.000,100.000,100.000,100.000,
0330,0.000,14.803,17.906,25.710,30.393,34.689,38.710,42.620,46.300,50.057,53.530,57.250,61.020,65.452,70.270,75.140,80.354,86.260,91.084,93.020,97.249,100.000,100.000,100.000,100.000,
0331,0.000,14.836,17.918,25.624,30.600,34.822,38.570,42.100,45.888,49.220,52.840,56.200,60.230,64.660,69.430,74.410,79.740,83.330,86.990,92.984,95.410,100.000,100.000,100.000,100.000,
0401,0.000,15.694,18.135,25.686,30.696,34.979,38.942,42.500,46.000,49.510,52.980,56.460,60.260,64.900,69.640,74.419,79.890,83.030,86.990,92.960,93.718,100.000,100.000,100.000,100.000,
0402,0.000,15.620,17.947,25.506,30.090,34.670,38.300,41.800,45.419,48.890,52.130,55.669,59.740,64.420,69.220,73.843,77.077,81.480,86.890,92.960,93.678,100.000,100.000,100.000,100.000,
0403,0.000,14.490,16.980,24.960,29.710,33.950,37.970,41.570,45.490,48.930,52.130,55.680,59.480,64.140,68.980,73.100,76.180,81.060,86.790,92.960,93.350,100.000,100.000,100.000,100.000,
0404,0.000,14.123,16.346,25.008,29.730,33.960,38.110,41.932,45.880,49.220,52.700,56.190,60.000,64.900,69.640,74.600,80.040,85.735,89.180,93.020,97.140,100.000,100.000,100.000,100.000,
0405,0.000,13.506,16.294,24.960,29.759,34.050,38.098,41.800,45.550,48.930,52.120,55.640,58.950,63.940,68.780,73.068,76.350,81.340,87.090,93.020,98.541,100.000,100.000,100.000,100.000,
0406,0.000,13.270,16.283,24.654,29.521,33.904,37.660,41.110,44.670,47.851,50.980,54.350,57.750,61.530,66.082,70.470,75.320,80.630,86.680,93.020,97.104,100.000,100.000,100.000,100.000,
0407,0.000,13.476,16.008,24.302,29.111,33.081,37.050,40.540,43.900,47.170,50.390,53.810,56.990,61.087,66.050,70.470,75.320,80.630,86.680,93.020,95.230,100.000,100.000,100.000,100.000,
0408,0.000,13.270,15.520,23.760,28.730,32.450,35.900,39.610,43.140,46.565,49.970,53.260,56.720,60.920,65.820,70.470,75.370,80.880,86.790,93.020,95.770,100.000,100.000,100.000,100.000,
0409,0.000,12.891,14.883,23.045,27.880,31.705,35.270,38.710,42.240,45.700,49.220,52.700,56.460,60.510,65.370,70.270,75.390,80.890,86.790,93.020,94.080,100.000,100.000,100.000,100.000,
0410,0.000,12.571,14.790,23.426,28.480,32.412,36.180,39.930,43.610,47.140,50.680,54.350,58.260,63.478,69.372,74.850,80.490,86.370,92.910,93.190,100.000,100.000,100.000,100.000,100.000,
0411,0.000,12.838,14.883,23.500,28.430,32.150,35.880,39.930,43.570,47.385,51.020,55.255,59.740,64.660,70.060,75.500,80.920,86.685,92.960,93.240,100.000,100.000,100.000,100.000,100.000,
0412,0.000,12.833,14.817,22.808,27.990,31.712,35.270,38.980,42.410,46.282,49.882,53.810,57.880,62.480,69.256,75.140,80.780,86.580,92.960,93.240,100.000,100.000,100.000,100.000,100.000,
0413,0.000,12.834,14.817,22.417,27.833,31.280,34.940,38.605,42.100,46.000,49.864,54.070,58.175,63.450,69.850,75.500,80.920,86.680,92.960,93.240,100.000,100.000,100.000,100.000,100.000,
0414,0.000,12.857,15.259,22.252,27.610,31.250,34.940,38.293,41.880,45.400,49.220,53.470,57.520,62.248,69.220,75.140,80.630,86.580,92.960,93.190,100.000,100.000,100.000,100.000,100.000,
0415,0.000,13.490,15.847,22.086,27.358,30.990,34.332,37.605,40.840,44.039,47.938,51.729,55.910,60.510,65.600,70.880,76.180,81.480,87.090,93.080,97.293,100.000,100.000,100.000,100.000,
0416,0.000,14.030,16.000,22.010,27.050,30.690,33.810,37.050,40.240,43.560,47.220,50.950,55.640,60.140,65.370,70.680,75.900,81.200,86.890,93.020,93.400,100.000,100.000,100.000,100.000,
0417,0.000,14.575,15.997,21.985,26.990,30.383,33.210,36.725,39.930,43.310,47.170,50.912,55.775,60.510,65.820,71.270,76.350,81.340,86.990,93.020,93.400,100.000,100.000,100.000,100.000,
0418,0.000,14.770,16.010,22.061,27.010,30.500,33.440,36.907,40.010,43.310,47.110,50.800,55.775,60.510,65.764,71.100,76.295,81.480,86.990,93.020,93.350,100.000,100.000,100.000,100.000,
0419,0.000,14.895,16.554,22.601,27.280,30.896,34.012,37.397,40.606,43.900,47.744,51.370,56.190,60.770,65.600,70.880,75.840,81.200,86.890,93.020,93.300,100.000,100.000,100.000,100.000,
0420,6.490,15.117,16.980,23.220,27.870,31.280,34.840,38.070,41.275,44.490,48.330,52.130,56.720,61.020,66.050,70.880,76.020,81.340,86.890,92.975,93.300,100.000,100.000,100.000,100.000,
0421,8.140,15.961,17.230,23.125,27.648,30.999,34.352,37.660,40.834,43.900,47.204,50.664,55.240,59.411,64.960,69.830,75.320,80.920,86.790,90.283,93.300,100.000,100.000,100.000,208.130,
0422,0.000,15.675,17.230,22.743,27.220,30.759,34.162,37.370,40.510,43.610,46.880,50.370,54.750,58.910,64.706,69.220,74.960,80.630,86.680,87.380,93.240,99.320,100.000,100.000,208.130,
0423,0.000,14.912,16.581,22.060,26.410,29.940,33.312,36.810,40.020,43.346,46.880,50.370,54.860,59.740,65.050,69.430,74.960,80.630,86.580,87.280,93.240,99.300,100.000,100.000,208.130,
0424,0.000,14.580,16.045,21.953,26.325,29.887,33.310,36.750,39.925,43.010,46.290,49.800,54.000,58.030,63.100,67.395,72.185,76.520,81.880,87.090,93.190,93.920,100.000,100.000,208.130,
0425,0.000,14.754,16.250,22.337,26.436,29.890,33.286,36.508,39.730,42.970,46.000,49.510,53.260,57.353,61.760,66.270,71.080,75.840,81.340,86.990,93.130,93.450,100.000,100.000,208.130,
0426,0.000,14.706,16.248,22.300,26.324,29.890,33.288,36.470,39.630,42.710,45.700,49.273,52.980,57.250,61.618,66.234,70.880,75.840,81.200,86.890,93.080,93.400,100.000,100.000,208.130,
0427,0.000,14.701,16.049,22.242,26.075,29.650,33.050,36.043,39.020,42.248,45.070,48.625,52.130,56.532,61.020,65.572,70.270,75.500,81.060,86.890,93.020,93.400,100.000,100.000,208.130,
0428,0.000,14.004,16.017,22.300,26.084,29.650,33.050,36.020,38.896,42.040,44.780,48.030,51.700,56.120,60.770,65.370,70.270,75.670,81.060,86.890,93.020,93.400,100.000,100.000,208.130,
0429,0.000,13.876,15.760,21.790,25.610,29.090,32.460,35.657,38.418,41.730,44.490,47.837,51.210,55.688,60.148,65.109,69.850,75.320,80.920,86.890,93.020,93.400,100.000,100.000,208.130,
0430,0.000,13.715,15.260,21.060,25.170,28.480,31.840,34.895,37.800,40.540,43.340,46.628,49.890,53.810,58.030,63.172,67.880,74.750,80.340,86.790,91.845,93.400,100.000,100.000,208.130,
0501,0.000,12.802,14.123,20.460,24.610,27.600,30.930,33.880,36.750,39.320,42.410,45.207,48.640,51.953,56.190,61.110,65.820,71.080,76.180,84.787,87.660,93.300,100.000,100.000,208.130,
0502,0.000,11.977,13.940,20.000,24.180,27.305,30.390,33.430,36.129,38.941,41.952,44.780,48.030,51.560,55.656,60.510,65.370,70.680,75.840,81.340,87.090,93.240,100.000,100.000,100.000,
0503,0.000,12.000,13.974,19.994,24.340,27.560,30.690,33.650,36.180,39.160,42.100,45.100,48.710,52.204,56.720,61.562,66.270,71.270,76.220,81.750,87.280,93.350,100.000,100.000,100.000,
0504,0.000,11.367,13.935,20.055,24.610,27.850,31.170,33.950,36.770,39.750,42.710,46.000,49.510,53.070,57.520,62.240,67.150,74.410,80.240,86.665,90.590,93.450,100.000,100.000,100.000,
0505,0.000,10.691,13.014,19.920,24.180,27.842,30.990,33.750,36.568,39.336,42.458,45.520,49.220,52.980,57.396,62.240,67.178,74.870,80.780,86.790,92.910,94.618,100.000,100.000,100.000,
0506,0.000,10.575,12.260,19.002,23.874,27.166,30.390,33.350,36.066,39.104,42.386,45.400,49.270,53.266,57.930,63.050,69.600,75.670,81.200,86.990,93.130,97.158,100.000,100.000,100.000,
0507,0.000,10.525,12.067,18.556,23.232,26.418,29.650,32.455,35.184,38.231,41.440,44.807,48.640,52.890,57.250,62.480,69.360,75.840,81.340,87.163,93.240,98.627,100.000,100.000,100.000,
0508,0.000,10.308,12.000,18.020,22.880,26.000,29.244,32.090,34.810,37.660,40.702,44.120,47.750,52.130,56.868,62.240,68.644,75.670,81.340,87.190,93.240,99.300,100.000,100.000,100.000,
0509,0.000,10.390,12.040,17.970,22.558,25.910,28.900,31.608,34.360,37.200,39.976,43.263,46.910,51.270,55.670,61.020,66.642,72.442,81.060,87.090,93.240,98.620,100.000,100.000,100.000,
0510,0.000,10.387,12.003,17.966,22.496,25.887,28.712,31.280,33.950,36.770,39.580,42.710,46.530,50.930,55.120,60.129,66.050,71.650,80.252,86.990,93.240,98.630,100.000,100.000,100.000,
0511,0.000,10.358,12.009,18.010,22.590,25.810,28.570,31.137,33.830,36.750,39.550,42.855,46.650,51.015,55.150,60.395,66.270,71.862,80.780,87.090,93.300,99.310,100.000,100.000,100.000,
0512,0.000,10.590,12.260,18.220,22.633,26.002,29.032,31.580,34.540,37.360,40.340,43.900,47.815,52.395,57.250,62.240,68.982,75.840,81.480,87.380,93.400,100.000,100.000,100.000,100.000,
0513,0.000,10.974,12.596,18.220,22.590,25.970,28.880,31.580,34.540,37.360,40.352,43.900,48.300,52.945,57.520,62.720,70.060,76.020,81.610,87.380,93.400,100.000,100.000,100.000,100.000,
0514,0.000,10.960,12.262,18.180,22.436,25.800,28.580,31.225,34.076,37.107,40.038,43.474,47.670,52.042,55.910,61.020,66.282,72.945,81.230,87.380,93.350,100.000,100.000,100.000,100.000,
0515,0.000,11.479,12.680,18.220,22.330,25.610,28.480,31.040,33.950,36.770,39.460,42.842,46.880,50.930,54.752,58.612,64.960,70.880,76.516,86.790,93.300,100.000,100.000,100.000,100.000,
0516,0.000,11.757,12.990,18.498,22.610,26.000,28.810,31.560,34.540,37.360,40.172,43.610,47.750,51.772,55.592,60.140,65.820,71.270,76.874,86.580,93.240,99.310,100.000,100.000,100.000,
0517,0.000,12.260,13.406,18.837,23.160,26.390,29.214,32.013,34.941,37.909,40.840,44.490,48.475,52.311,56.162,60.931,65.820,71.035,76.350,84.174,93.190,97.300,100.000,100.000,100.000,
0518,0.000,12.356,13.640,19.216,23.823,27.030,29.940,32.760,36.010,38.821,41.744,45.400,49.700,53.260,57.142,61.510,66.050,71.080,76.180,81.880,93.020,98.217,100.000,100.000,100.000,
0519,0.000,12.260,13.780,19.740,24.558,27.850,30.800,34.030,37.360,40.050,43.456,47.706,51.400,54.890,58.800,62.950,67.570,72.630,79.014,86.790,93.190,97.982,100.000,100.000,100.000,
0520,0.000,12.408,13.900,19.964,24.610,28.060,31.100,34.540,37.944,41.042,44.780,48.906,52.620,55.976,59.700,63.954,68.954,74.050,80.484,86.970,93.190,97.950,100.000,100.000,100.000,
0521,0.000,12.990,14.170,19.951,24.634,28.430,31.754,35.130,38.270,41.440,45.360,49.468,53.260,56.842,60.960,65.600,70.470,75.500,81.340,87.168,93.240,97.300,100.000,100.000,100.000,
0522,0.000,12.957,14.040,20.189,25.170,29.080,32.460,35.995,38.870,42.300,46.026,50.150,54.080,57.780,61.510,65.820,70.470,75.585,81.340,87.090,93.190,95.885,100.000,100.000,100.000,
0523,0.000,12.990,14.000,20.377,25.220,29.290,32.500,36.010,38.910,42.595,46.240,50.278,54.055,57.520,61.510,65.600,69.710,74.042,79.630,85.633,90.325,93.500,100.000,100.000,100.000,
0524,0.000,13.126,14.801,20.780,25.470,29.490,33.034,36.470,39.214,42.919,46.500,50.100,53.590,57.085,61.078,65.001,68.926,73.035,77.830,83.759,87.700,93.450,100.000,100.000,100.000,
0525,0.000,13.780,14.938,20.615,25.450,29.570,32.960,36.180,39.160,42.735,46.220,49.977,53.530,57.520,61.510,65.630,69.940,73.793,77.920,83.510,87.700,93.450,100.000,100.000,100.000,
0526,0.000,13.210,14.880,20.488,25.205,29.195,32.420,35.880,38.870,42.162,45.650,49.035,52.870,56.665,60.930,64.407,68.425,72.203,76.680,82.010,87.480,93.450,100.000,100.000,100.000,
0527,0.000,12.761,14.218,19.710,24.250,27.971,31.280,34.540,37.380,40.540,43.912,47.460,51.050,54.884,58.550,62.481,66.710,71.270,76.020,81.610,87.380,93.400,100.000,100.000,100.000,
0528,0.000,12.024,13.918,19.330,23.680,27.030,30.290,33.340,36.200,39.160,42.320,45.650,48.870,52.830,56.860,61.270,65.600,70.470,75.500,81.340,87.190,93.400,100.000,100.000,100.000,
0529,0.000,11.970,13.728,18.770,22.718,26.000,29.300,32.170,35.120,37.660,40.630,43.872,47.170,50.650,54.856,58.550,62.950,67.360,72.770,80.130,87.090,93.300,100.000,100.000,100.000,
0530,0.000,11.494,13.018,18.015,21.800,25.170,28.230,31.090,33.650,36.180,38.920,41.985,44.960,48.310,52.030,55.940,60.770,65.510,70.880,76.020,82.000,93.190,100.000,100.000,100.000,
0531,0.000,10.970,12.062,17.370,20.990,24.450,27.310,30.215,32.887,35.546,38.002,41.090,44.200,47.399,50.966,55.150,59.639,64.945,70.680,76.180,81.880,93.130,100.000,100.000,100.000,
0601,0.000,10.180,11.970,16.980,20.660,23.990,26.770,29.570,32.170,34.920,37.360,40.050,43.160,46.300,49.800,53.810,58.030,62.720,67.750,74.730,81.340,90.460,100.000,100.000,100.000,
0602,0.000,9.102,11.052,16.210,20.132,23.400,26.280,28.910,31.580,34.488,37.070,39.958,43.050,46.400,49.926,53.810,58.210,63.180,70.206,75.878,81.750,93.130,100.000,100.000,100.000,
0603,0.000,8.978,10.832,15.740,19.514,22.606,25.610,28.140,30.586,33.334,36.068,38.918,42.030,45.070,48.348,52.300,57.250,62.480,67.790,75.064,81.464,90.628,100.000,100.000,100.000,
0604,0.000,8.600,10.162,15.290,19.000,22.081,24.922,27.310,29.720,32.430,35.250,37.715,40.845,43.882,47.262,51.210,55.670,61.112,66.710,72.414,79.799,87.660,100.000,100.000,100.000,
0605,0.000,8.114,9.890,14.978,18.756,21.790,24.580,26.950,29.324,31.886,34.840,37.232,40.070,43.190,46.500,50.364,54.620,59.050,63.818,71.270,76.972,87.190,93.750,100.000,100.000,
0606,0.000,8.100,9.851,14.940,18.504,21.656,24.588,26.990,29.512,32.170,35.052,37.660,40.630,43.734,47.084,51.210,55.238,59.540,65.330,71.660,77.170,87.380,98.904,100.000,100.000,
0607,0.000,8.126,9.803,14.940,18.720,22.060,24.928,27.310,29.946,32.874,35.566,38.518,41.730,45.070,48.534,52.570,56.990,62.240,67.094,74.644,81.340,87.570,100.000,100.000,100.000,
0608,0.000,8.150,9.657,14.880,18.720,22.069,25.046,27.762,30.248,33.340,36.362,39.654,42.975,46.530,50.930,54.919,59.291,63.862,70.680,76.020,81.610,87.660,100.000,100.000,100.000,
0609,0.000,8.150,9.773,14.865,18.940,22.330,25.320,28.060,30.640,33.755,36.940,40.300,43.850,47.495,51.650,55.815,60.380,65.820,71.270,76.350,81.750,87.660,100.000,100.000,100.000,
0610,3.310,8.171,9.762,14.990,19.035,22.455,25.170,27.870,30.525,33.600,36.770,40.025,43.490,47.013,51.100,55.150,59.475,64.215,70.880,76.020,81.610,87.660,100.000,100.000,100.000,
0611,3.310,8.209,9.927,15.239,19.300,22.725,25.450,28.098,30.690,33.656,36.770,39.925,43.210,46.684,50.650,54.620,59.050,63.532,69.954,75.627,81.480,87.570,100.000,100.000,100.000,
0612,3.310,8.353,9.960,15.115,19.290,22.620,25.350,27.935,30.530,33.485,36.510,39.850,43.260,46.685,50.920,54.900,59.410,64.550,71.020,76.020,81.750,87.660,100.000,100.000,100.000,
0613,0.000,9.008,10.156,15.290,19.070,22.350,25.060,27.590,30.200,32.870,35.600,38.540,41.700,45.070,48.590,52.780,57.780,62.950,67.790,74.990,81.200,87.560,94.710,100.000,100.000,
0614,0.000,9.001,10.171,15.290,19.082,22.511,25.170,27.590,30.230,32.800,35.472,38.270,41.330,44.800,48.310,52.477,57.238,62.720,67.790,75.782,81.800,87.750,100.000,100.000,100.000,
0615,0.000,9.060,10.019,14.955,18.730,21.945,24.650,27.080,29.400,31.880,34.300,37.070,39.860,43.135,46.590,50.930,55.150,59.790,66.490,72.230,81.480,87.570,96.202,100.000,100.000,
0616,0.000,9.226,10.210,14.750,18.528,21.570,24.242,26.830,29.000,31.110,33.576,36.168,38.870,41.718,45.070,48.616,53.256,58.800,65.340,71.818,80.200,87.530,95.949,100.000,100.000,
0617,0.000,8.700,9.923,14.453,18.430,21.260,23.700,26.180,28.210,30.530,32.660,35.130,37.660,40.175,43.480,46.998,51.480,56.440,62.950,71.080,77.010,87.380,94.258,100.000,100.000,
0618,0.000,8.030,9.327,14.190,17.970,20.610,23.146,25.610,27.590,29.650,31.750,33.950,36.470,38.997,41.700,44.890,48.310,52.830,58.800,66.490,76.020,86.990,93.550,100.000,100.000,
0619,0.000,7.794,9.210,13.894,17.448,19.990,22.500,24.830,26.954,28.720,30.820,32.760,35.000,37.320,39.710,42.266,45.360,48.870,54.118,60.252,70.880,82.140,93.550,96.285,100.000,
0620,0.000,7.781,9.200,13.673,17.150,19.550,21.830,24.047,26.159,27.951,29.940,31.927,33.930,36.010,38.090,40.499,43.480,46.593,51.210,57.311,66.417,81.880,93.550,96.150,100.000,
0621,0.000,7.713,8.986,13.490,16.680,19.210,21.530,23.700,25.906,27.590,29.538,31.390,33.380,35.662,37.716,40.050,42.844,45.930,50.784,56.018,65.538,81.880,93.550,96.150,100.000,
0622,0.000,7.487,8.964,13.210,16.440,18.930,21.100,23.400,25.530,27.310,29.190,31.110,33.050,35.240,37.360,39.800,42.430,45.680,50.020,55.850,66.080,82.270,93.550,96.150,100.000,
0623,0.000,7.270,8.042,12.606,15.700,18.220,20.400,22.760,24.842,26.700,28.400,30.230,32.130,34.030,36.302,38.530,40.920,43.760,47.546,52.030,59.806,76.680,93.550,94.046,100.000,
0624,4.130,7.301,7.995,12.210,15.290,17.860,20.030,22.090,24.250,26.060,27.658,29.570,31.390,33.340,35.420,37.660,40.050,42.843,45.930,51.210,58.400,76.120,93.500,93.700,100.000,
0625,4.130,7.303,7.990,12.035,15.040,17.520,19.720,21.790,23.700,25.610,27.310,29.000,30.820,32.755,34.540,36.900,39.110,41.665,44.720,48.590,54.910,67.360,87.750,93.482,100.000,
0626,4.130,7.270,7.960,11.920,14.990,17.420,19.530,21.512,23.503,25.429,27.118,28.886,30.640,32.540,34.540,36.770,39.018,41.628,44.560,48.310,54.350,64.032,87.660,93.446,100.000,
0627,4.130,7.280,7.970,11.650,14.710,16.962,19.080,21.000,23.100,24.958,26.730,28.392,30.190,32.022,34.030,36.110,38.322,40.920,43.884,47.548,52.570,62.672,87.671,93.500,100.000,
0628,4.130,7.290,7.980,11.568,14.540,16.770,18.778,20.610,22.900,24.790,26.486,28.140,29.940,31.820,33.848,35.720,37.950,40.340,43.230,46.899,52.030,62.480,87.750,93.500,100.000,
0629,4.740,7.342,8.218,11.690,14.590,16.874,18.720,20.610,22.860,24.782,26.424,28.140,29.860,31.680,33.506,35.400,37.596,40.050,42.900,46.500,51.760,61.952,87.736,93.496,100.000,
0630,4.740,7.383,8.347,11.816,14.710,16.940,18.902,20.860,23.050,24.960,26.724,28.380,30.000,31.880,33.650,35.570,37.815,40.340,43.476,47.460,53.562,64.540,87.876,93.500,100.000,
0701,4.740,7.405,8.350,11.700,14.610,16.910,18.880,20.900,23.130,25.060,26.960,28.600,30.190,32.050,33.920,36.050,38.270,41.140,44.400,48.310,54.890,67.360,87.940,93.500,100.000,
0702,4.740,7.493,8.350,11.495,14.511,16.896,18.720,20.860,23.063,25.060,26.994,28.600,30.145,31.941,33.890,36.010,38.300,41.565,44.888,48.870,55.410,68.200,88.290,93.600,100.000,
0703,4.740,7.706,8.363,11.600,14.530,16.930,18.850,20.890,23.104,25.060,27.020,28.600,30.140,31.970,33.920,36.022,38.530,41.730,45.074,49.362,56.308,69.010,88.290,93.518,100.000,
0704,4.980,8.270,9.003,12.100,14.907,17.072,19.000,21.120,23.430,25.489,27.310,28.990,30.630,32.540,34.540,36.770,39.199,42.100,45.650,50.250,57.773,72.420,91.045,93.718,100.000,
0705,6.310,8.378,9.200,12.040,14.937,17.200,19.130,21.380,23.660,25.653,27.476,29.050,30.820,32.760,34.812,36.930,39.610,42.432,45.930,50.520,57.989,69.294,88.200,93.700,100.000,
0706,6.310,8.380,9.200,12.100,15.020,17.420,19.300,21.580,23.830,25.850,27.490,29.050,30.820,32.760,34.780,36.870,39.480,42.580,46.080,50.700,58.680,69.210,88.020,92.598,100.000,
0707,6.600,8.582,9.313,12.180,15.060,17.450,19.582,21.930,24.020,26.000,27.660,29.290,30.990,32.820,34.896,36.990,39.731,42.557,45.990,50.830,59.426,72.144,88.097,93.700,100.000,
0708,6.600,8.600,9.250,12.180,15.290,17.653,19.862,22.060,24.200,26.099,27.844,29.359,30.990,32.891,34.918,36.993,39.537,42.343,45.888,50.523,59.050,71.813,88.020,93.362,100.000,
0709,6.600,8.554,9.240,12.290,15.370,17.840,20.040,22.330,24.440,26.280,27.870,29.570,31.130,33.140,35.140,37.390,40.050,42.900,46.500,51.230,59.590,71.660,88.020,93.540,100.000,
0710,6.600,8.552,9.240,12.220,15.290,17.652,19.912,22.080,24.200,26.000,27.646,29.214,30.990,33.050,35.130,37.360,40.050,42.980,46.500,51.174,59.586,71.652,88.020,93.544,100.000,
0711,6.600,8.600,9.240,12.260,15.036,17.420,19.642,21.960,23.948,25.880,27.414,28.992,30.820,32.540,34.596,36.840,39.286,42.320,45.480,50.076,56.998,68.240,88.020,93.506,100.000,
0712,6.600,8.517,9.240,12.380,15.000,17.390,19.560,21.762,23.700,25.610,27.250,28.720,30.525,32.100,34.208,36.254,38.820,41.730,45.170,49.970,56.700,68.200,88.020,93.557,100.000,
0713,6.600,8.515,9.240,12.488,15.060,17.400,19.520,21.690,23.678,25.466,27.102,28.720,30.530,32.140,34.086,36.010,38.382,41.210,44.502,49.176,56.190,68.200,87.707,92.841,100.000,
0714,5.400,8.440,9.100,12.455,14.960,17.180,19.330,21.570,23.430,25.200,26.830,28.430,30.100,31.705,33.550,35.420,37.440,40.050,43.230,47.610,53.880,64.540,82.520,88.200,100.000,
0715,5.400,8.349,9.000,12.380,14.856,17.180,19.330,21.340,23.264,25.053,26.602,28.150,29.860,31.389,33.050,34.980,37.040,39.630,42.870,47.060,53.100,63.870,81.805,87.771,100.000,
0716,5.400,8.330,8.986,12.470,14.981,17.180,19.210,21.168,23.150,25.020,26.560,28.140,29.690,31.110,32.820,34.780,36.867,39.332,42.296,46.418,52.182,61.512,77.743,84.135,100.000,
0717,5.400,8.357,9.020,12.468,14.940,17.050,19.080,21.000,23.038,24.950,26.534,28.060,29.580,31.100,32.752,34.608,36.594,38.850,41.716,45.650,50.596,59.794,77.480,83.021,655.350,
0718,5.220,8.162,8.900,12.450,14.880,17.030,19.040,20.860,22.940,24.870,26.400,27.870,29.550,30.990,32.670,34.520,36.590,38.828,41.830,46.042,51.310,60.270,77.480,82.771,655.350,
0719,0.000,8.110,8.900,12.510,14.940,17.050,19.080,20.980,23.000,24.890,26.408,27.874,29.530,31.070,32.780,34.780,36.914,39.430,42.712,46.924,52.570,61.204,81.366,87.940,655.350,
0720,0.000,8.300,9.010,12.581,14.970,17.180,19.210,21.060,23.062,25.030,26.560,28.150,29.690,31.270,32.972,34.873,37.070,39.695,42.988,47.330,53.060,64.097,82.400,88.200,655.350,
0721,0.000,8.302,9.100,12.560,15.030,17.420,19.510,21.500,23.400,25.200,26.830,28.460,30.030,31.680,33.340,35.160,37.560,40.340,43.800,48.590,54.900,64.760,82.770,89.399,655.350,
0722,0.000,8.227,8.993,12.689,15.330,17.667,19.738,21.715,23.660,25.600,27.110,28.780,30.460,32.128,34.100,36.300,38.530,41.490,45.340,49.730,56.554,67.594,82.770,89.338,655.350,
0723,0.000,8.330,9.009,12.680,15.500,17.700,19.872,21.830,23.920,25.730,27.310,28.982,30.710,32.520,34.500,36.770,39.110,42.200,46.202,50.390,56.940,67.662,82.770,88.430,655.350,
0724,0.000,8.358,9.034,12.656,15.560,17.877,20.000,21.930,23.970,25.880,27.380,28.990,30.730,32.540,34.748,36.937,39.680,42.845,47.060,52.132,58.712,68.410,82.890,88.237,655.350,
0725,0.000,8.382,9.077,12.881,15.800,18.020,20.100,22.065,24.106,25.977,27.640,29.270,30.990,32.820,35.070,37.513,40.248,43.535,47.750,52.830,59.730,70.226,88.110,88.735,655.350,
0726,0.000,8.352,9.014,12.880,15.879,18.147,20.208,22.183,24.300,26.016,27.796,29.500,31.110,33.050,35.420,37.864,40.630,43.972,48.314,53.100,59.691,70.121,88.020,88.290,655.350,
0727,0.000,8.478,9.169,12.924,15.980,18.390,20.350,22.520,24.571,26.263,27.970,29.830,31.680,33.630,36.010,38.530,41.490,45.442,49.970,55.670,63.450,73.320,93.890,93.940,655.350,
0728,0.000,8.369,9.100,13.020,16.200,18.480,20.476,22.590,24.650,26.446,28.068,29.860,31.680,33.630,36.010,38.680,41.894,45.930,50.250,56.190,64.100,74.492,93.890,93.940,100.000,
0729,0.000,8.700,9.400,13.089,16.420,18.690,20.670,22.860,24.917,26.641,28.430,30.140,32.000,33.950,36.590,39.110,42.340,46.220,50.486,56.457,64.345,77.143,93.940,98.970,100.000,
0730,5.220,8.600,9.327,12.954,16.436,18.802,20.860,22.970,25.034,26.830,28.710,30.450,32.250,34.250,36.870,39.680,42.900,47.060,52.030,57.198,65.366,77.330,93.940,99.370,100.000,
0731,5.220,8.693,9.335,12.964,16.210,18.600,20.610,22.610,24.790,26.560,28.340,30.140,31.930,33.950,36.590,39.110,42.610,46.720,50.960,56.700,64.665,77.330,93.940,98.741,100.000,
0801,5.990,8.240,9.089,12.960,16.074,18.416,20.540,22.590,24.628,26.476,28.094,29.940,31.740,33.920,36.590,38.954,42.320,46.020,50.250,56.440,64.100,75.156,93.940,98.740,100.000,
0802,5.990,8.412,9.082,12.890,15.980,18.390,20.350,22.350,24.352,26.082,27.870,29.584,31.300,33.340,35.780,38.528,41.490,44.980,49.180,54.752,63.640,73.588,93.940,98.741,100.000,
0803,5.990,8.240,9.020,12.890,15.980,18.390,20.470,22.570,24.520,26.280,28.000,29.820,31.550,33.560,35.980,38.530,41.490,45.000,49.430,55.410,63.870,77.110,97.520,100.000,100.000,
0804,5.990,8.019,9.010,12.769,15.980,18.390,20.566,22.600,24.607,26.311,28.030,29.808,31.390,33.390,35.928,38.313,41.210,44.578,48.900,53.981,63.040,75.190,97.689,100.000,100.000,
0805,0.000,8.032,9.010,12.680,15.750,18.276,20.518,22.570,24.520,26.204,27.870,29.620,31.390,33.300,35.704,38.056,41.018,44.140,48.720,53.204,60.510,72.780,97.528,100.000,100.000,
0806,0.000,8.107,9.010,12.680,15.666,18.252,20.468,22.520,24.520,26.180,27.870,29.583,31.390,33.340,35.614,38.051,41.210,44.540,48.870,54.347,63.420,73.213,97.523,100.000,100.000,
0807,0.000,8.120,9.020,12.597,15.580,18.142,20.088,22.250,24.020,25.820,27.450,29.000,30.870,32.765,34.780,37.294,40.249,43.480,47.060,52.401,59.790,72.040,95.050,100.000,100.000,
0808,0.000,8.088,9.027,12.500,15.540,18.075,20.070,22.100,23.990,25.730,27.380,28.990,30.730,32.750,34.780,37.160,40.050,43.190,46.780,52.190,59.540,71.755,95.065,100.000,100.000,
0809,0.000,7.985,8.980,12.473,15.395,17.950,19.960,21.950,23.740,25.380,26.930,28.540,30.345,31.970,34.070,36.372,38.820,42.500,46.100,50.317,57.340,68.200,93.800,98.725,100.000,
0810,0.000,8.211,9.002,12.680,15.520,17.960,19.930,21.920,23.660,25.330,26.830,28.430,30.140,31.840,33.920,36.099,38.530,41.740,45.360,49.471,56.190,67.752,88.200,95.296,100.000,
0811,0.000,8.280,9.016,12.700,15.750,18.200,20.050,22.000,23.700,25.330,26.890,28.490,30.140,31.970,33.920,36.020,38.530,41.470,45.070,49.430,55.860,67.120,86.808,95.457,100.000,
0812,0.000,8.501,9.328,12.980,15.872,18.220,20.050,21.977,23.660,25.230,26.812,28.430,30.045,31.680,33.630,35.777,38.240,40.920,44.330,49.024,55.401,66.930,87.390,95.562,100.000,
0813,0.000,8.557,9.668,13.180,15.966,18.390,20.100,21.960,23.660,25.300,26.830,28.430,30.010,31.680,33.630,35.720,38.240,41.050,44.780,49.700,56.190,67.500,87.850,95.518,100.000,
0814,0.000,8.731,9.970,13.210,15.970,18.220,20.002,21.830,23.400,24.990,26.560,27.927,29.610,31.390,33.430,35.420,37.872,40.630,44.050,49.150,55.730,67.063,82.400,87.940,100.000,
0815,0.000,8.560,10.000,13.500,16.050,18.447,20.180,21.830,23.400,24.920,26.460,27.790,29.475,31.110,33.300,35.135,37.440,40.340,43.760,48.740,55.669,66.930,81.866,87.399,100.000,
0816,6.170,8.753,10.029,13.761,16.440,18.640,20.514,22.010,23.660,25.090,26.708,28.140,29.860,31.680,33.630,35.720,38.009,40.905,44.330,49.430,56.440,67.990,82.270,82.754,100.000,
0817,6.960,9.013,10.390,13.988,16.440,18.735,20.610,22.090,23.770,25.330,26.930,28.430,30.140,31.973,33.940,36.140,38.555,41.210,44.780,49.630,56.190,67.790,82.270,82.912,100.000,
0818,6.960,9.017,10.657,14.088,16.910,19.121,20.860,22.515,24.070,25.883,27.372,29.000,30.820,32.870,34.840,37.070,39.680,42.900,46.780,52.300,59.790,69.596,82.270,82.650,100.000,
0819,6.960,9.845,10.980,14.387,17.000,19.330,20.980,22.642,24.290,26.040,27.610,29.470,31.190,33.247,35.420,37.547,40.258,43.480,47.608,53.042,60.486,72.230,82.520,87.865,100.000,
0820,7.470,10.195,11.241,14.590,17.150,19.551,21.070,22.870,24.683,26.460,28.030,29.810,31.680,33.630,35.720,38.027,40.630,43.760,48.116,54.069,61.650,72.040,82.520,87.859,100.000,
0821,7.630,10.330,11.429,14.700,17.373,19.590,21.300,22.970,24.890,26.560,28.332,29.993,31.970,33.873,36.010,38.240,40.901,44.065,48.870,54.881,61.358,72.230,82.520,87.940,100.000,
0822,7.630,10.076,11.418,14.700,17.420,19.826,21.668,23.400,25.170,26.997,28.710,30.530,32.420,34.431,36.490,38.820,41.548,45.495,49.900,56.190,63.444,72.230,82.520,87.668,100.000,
0823,7.630,10.038,11.420,14.880,17.796,20.000,21.934,23.703,25.610,27.456,29.030,30.956,32.950,34.917,37.160,39.611,42.610,46.500,51.760,57.433,64.320,72.600,82.520,87.670,100.000,
0824,7.630,10.010,11.420,15.010,17.960,20.074,22.032,23.950,25.730,27.546,29.190,31.022,33.040,35.014,37.296,39.704,42.610,46.220,51.480,57.034,64.500,72.780,82.603,87.850,100.000,
0825,7.630,10.018,11.210,15.030,18.000,20.260,22.090,24.040,25.913,27.627,29.360,31.060,32.960,34.800,36.986,39.460,42.424,46.220,51.406,57.217,64.949,73.320,87.280,92.884,100.000,
0826,7.630,10.118,11.415,14.980,17.983,20.319,22.350,24.370,26.179,28.015,29.810,31.569,33.340,35.312,37.606,40.050,43.190,46.800,52.220,58.232,66.270,76.520,88.110,93.809,100.000,
0827,7.020,10.040,11.268,14.980,18.040,20.444,22.590,24.520,26.398,28.146,29.940,31.880,33.720,36.000,38.240,40.920,44.050,48.050,53.124,59.930,67.990,77.330,93.700,93.801,100.000,
0828,7.020,9.990,11.130,15.132,18.470,20.780,22.860,24.880,26.590,28.430,30.070,31.970,33.790,36.010,38.240,41.098,44.494,48.870,54.160,60.558,68.810,77.790,93.650,93.800,100.000,
0829,7.020,9.990,11.029,15.100,18.478,20.902,22.920,24.890,26.600,28.400,29.970,31.830,33.630,35.812,38.052,40.630,43.900,47.840,53.100,59.790,67.570,77.330,93.750,100.000,100.000,
0830,7.020,9.970,10.990,15.084,18.238,20.830,22.790,24.732,26.460,28.140,29.746,31.551,33.350,35.420,37.700,40.340,43.480,47.325,52.570,59.032,67.360,77.170,93.750,100.000,100.000,
0831,7.020,9.929,10.980,15.290,18.564,20.960,22.892,24.805,26.460,28.080,29.696,31.533,33.350,35.420,37.766,40.452,43.529,47.402,52.570,59.345,67.857,77.330,93.750,100.000,100.000,
0901,7.020,9.954,10.968,15.383,18.720,21.010,23.050,24.920,26.560,28.150,29.910,31.680,33.570,35.720,38.100,40.668,43.760,47.330,52.300,59.270,67.600,77.330,93.750,100.000,100.000,
0902,6.980,9.951,10.972,15.520,18.733,20.994,23.032,24.900,26.560,28.150,29.940,31.680,33.600,35.849,38.086,40.659,43.760,47.460,52.030,58.416,66.930,77.195,93.750,100.000,100.000,
0903,6.980,9.960,10.990,15.689,18.970,21.220,23.410,25.152,26.929,28.625,30.232,31.970,33.920,36.282,38.388,41.008,44.191,47.970,52.300,58.800,67.360,77.640,93.750,100.000,100.000,
0904,6.980,9.960,10.990,15.740,19.030,21.525,23.700,25.610,27.310,29.030,30.860,32.500,34.590,36.885,39.360,42.175,45.400,49.070,53.810,60.095,68.410,77.790,93.750,100.000,100.000,
0905,6.980,9.960,11.094,15.626,19.330,21.790,24.038,26.000,27.890,29.570,31.430,33.340,35.650,37.814,40.340,43.190,46.500,49.970,55.410,61.938,68.976,77.740,93.700,100.000,100.000,
0906,6.980,9.940,10.990,15.707,19.450,21.897,24.226,26.128,28.080,29.960,31.850,33.920,36.325,38.609,41.104,44.200,47.420,51.480,56.190,62.203,68.424,77.330,92.397,93.750,100.000,
0907,0.000,9.900,10.978,15.300,19.265,21.790,24.070,25.980,27.910,29.662,31.570,33.383,35.870,38.090,40.576,43.480,46.821,50.380,55.410,60.030,67.226,76.656,87.850,93.700,100.000,
0908,0.000,9.960,10.980,15.072,19.040,21.548,24.010,25.900,27.786,29.570,31.470,33.350,35.790,38.112,40.540,43.480,46.824,50.370,55.410,60.030,67.084,76.480,87.850,93.700,100.000,
0909,0.000,9.338,10.960,15.057,19.054,21.621,24.070,25.982,27.931,29.920,31.680,33.867,36.010,38.530,40.930,43.921,47.377,51.480,55.930,61.510,67.990,77.010,87.570,93.350,100.000,
0910,0.000,9.900,10.960,15.035,19.210,21.960,24.470,26.400,28.540,30.770,32.540,35.041,37.430,40.050,43.010,46.246,49.700,54.095,58.800,64.100,72.420,81.880,93.600,96.140,100.000,
0911,0.000,9.960,10.960,14.970,19.040,21.930,24.512,26.460,28.720,30.900,32.912,35.444,37.910,40.443,43.480,46.880,50.882,55.410,59.790,66.490,73.334,82.140,93.750,100.000,100.000,
0912,0.000,9.970,10.980,15.029,19.096,21.950,24.562,26.700,29.000,31.100,33.300,35.880,38.260,40.929,44.482,48.310,52.502,56.725,62.950,69.040,77.010,84.407,94.026,100.000,100.000,
0913,0.000,9.970,10.960,14.806,18.970,21.790,24.450,26.543,29.000,31.019,33.148,35.880,38.290,41.140,44.610,48.312,52.700,57.780,63.306,70.294,77.010,85.142,98.030,100.000,100.000,
0914,0.000,9.301,10.904,14.610,18.691,21.447,24.250,26.295,28.770,31.010,33.378,36.010,38.870,41.792,45.292,49.150,53.100,58.290,63.420,70.784,77.010,87.222,96.656,100.000,100.000,
0915,0.000,9.260,10.667,14.840,18.928,21.622,24.350,26.560,28.984,31.110,33.650,36.436,39.320,42.300,45.650,49.466,53.940,58.550,63.692,71.080,77.170,87.380,98.035,100.000,100.000,
0916,0.000,9.239,10.643,15.060,19.130,21.940,24.580,26.880,29.060,31.400,34.210,37.049,39.860,42.910,46.296,50.252,54.890,59.660,65.786,72.230,80.780,87.480,99.112,100.000,100.000,
0917,0.000,9.335,10.965,15.486,19.461,22.330,24.964,27.040,29.326,31.697,34.494,37.360,40.240,43.391,47.066,51.760,56.440,62.950,70.060,76.680,82.140,87.940,100.000,100.000,100.000,
0918,0.000,9.970,11.009,16.143,19.950,22.750,25.340,27.570,29.980,32.465,35.580,38.375,41.440,44.678,48.870,53.100,59.050,64.870,71.470,77.170,82.400,92.840,100.000,100.000,100.000,
0919,0.000,9.977,11.024,16.468,20.337,23.220,25.914,28.140,30.820,33.650,36.770,39.850,43.010,46.294,50.642,55.410,61.430,67.150,75.500,81.394,87.190,93.350,100.000,100.000,100.000,
0920,0.000,10.378,11.360,16.678,20.350,23.238,26.010,28.180,30.920,33.682,37.050,40.050,43.310,46.660,50.930,55.776,61.800,67.150,75.500,81.610,87.194,93.350,100.000,100.000,100.000,
0921,0.000,10.590,11.855,17.230,20.737,23.691,26.200,28.348,30.742,33.350,36.470,39.575,42.860,45.989,49.890,54.890,60.327,65.820,71.470,79.769,86.790,93.300,100.000,100.000,100.000,
0922,0.000,10.940,12.247,17.665,21.190,24.250,26.740,29.000,31.280,34.280,37.260,40.310,43.310,46.530,50.640,55.155,61.020,66.270,72.420,80.920,86.990,93.300,100.000,100.000,100.000,
0923,0.000,10.940,12.260,17.720,21.349,24.340,26.920,29.060,31.300,34.250,37.088,40.080,43.015,46.090,49.800,54.350,59.586,65.300,71.470,77.166,84.368,93.240,100.000,100.000,100.000,
0924,0.000,11.878,12.980,18.160,21.685,24.610,27.220,29.360,31.885,34.902,37.870,40.800,43.830,46.880,50.900,55.470,61.265,66.587,73.520,81.060,87.090,93.350,100.000,100.000,100.000,
0925,0.000,12.360,13.389,18.521,21.980,24.750,27.280,29.540,31.960,34.890,37.950,40.840,44.040,47.395,51.760,57.250,62.380,67.360,75.500,81.480,87.380,93.400,100.000,100.000,100.000,
0926,0.000,12.303,13.560,18.720,22.170,24.910,27.480,29.657,32.050,34.927,37.950,40.880,44.200,47.738,52.030,57.520,62.480,67.990,75.670,81.610,87.380,93.400,100.000,100.000,100.000,
0927,6.990,11.967,13.327,18.652,22.460,25.262,27.590,29.940,32.326,35.238,38.068,41.139,44.300,48.030,52.300,57.520,62.480,66.995,73.412,80.934,87.280,93.400,100.000,100.000,100.000,
0928,6.990,11.982,13.456,18.930,22.610,25.430,27.870,30.230,32.750,35.610,38.500,41.440,44.490,48.030,51.860,56.860,61.760,66.490,71.730,78.160,87.090,93.400,100.000,100.000,100.000,
0929,6.990,12.020,13.620,19.080,23.067,26.180,28.714,31.068,33.750,36.770,39.626,42.900,45.930,49.800,53.866,58.550,63.180,68.155,75.320,81.200,87.380,93.450,100.000,100.000,100.000,
0930,0.000,12.427,13.940,19.450,23.336,26.698,29.226,31.640,34.540,37.612,40.788,43.910,47.250,51.206,55.252,59.790,64.230,70.030,75.492,81.200,87.280,93.450,100.000,100.000,100.000,
1001,0.000,12.847,14.232,20.026,24.300,27.480,30.070,32.970,35.996,39.176,42.828,45.930,49.800,53.810,58.224,62.830,67.150,72.040,77.732,85.980,92.960,93.700,100.000,100.000,100.000,
1002,0.000,12.852,14.366,20.190,24.410,27.590,30.600,33.630,36.900,40.340,43.760,47.170,50.840,54.890,59.080,63.540,68.470,74.150,79.620,86.580,93.020,93.700,100.000,100.000,100.000,
1003,0.000,12.478,14.215,20.190,24.610,27.935,30.990,34.250,37.530,41.110,44.490,48.030,51.510,55.215,59.300,63.640,68.090,73.145,79.220,86.245,91.120,93.550,100.000,100.000,100.000,
1004,0.000,12.947,14.220,20.320,24.778,28.080,31.230,34.650,37.934,41.504,44.780,48.310,51.760,55.410,59.300,63.420,67.570,72.410,78.530,86.304,91.440,93.550,100.000,100.000,100.000,
1005,0.000,12.948,14.344,20.970,25.320,28.595,31.720,35.125,38.530,42.100,45.360,48.800,52.140,55.670,59.540,63.640,67.990,72.420,78.140,84.865,88.810,93.450,100.000,100.000,100.000,
1006,0.000,13.095,14.610,21.790,26.180,29.490,32.900,36.180,39.750,43.040,46.290,49.800,53.260,56.500,60.540,64.900,69.640,73.450,78.300,85.000,87.750,93.400,100.000,100.000,100.000,
1007,0.000,13.560,15.016,21.971,26.700,30.239,34.000,37.360,40.840,44.200,47.322,50.777,53.935,57.520,61.510,65.820,70.470,75.183,80.630,86.580,91.270,93.400,100.000,100.000,100.000,
1008,0.000,13.920,15.153,22.060,26.847,30.390,34.060,37.660,41.140,44.490,47.470,50.930,54.080,57.520,61.610,66.231,71.028,75.670,81.060,86.680,91.852,93.400,100.000,100.000,100.000,
1009,0.000,13.560,14.988,21.790,26.458,30.090,33.950,37.620,40.960,44.243,47.430,50.930,53.930,57.489,61.270,65.820,70.680,75.500,80.920,86.680,90.264,93.300,100.000,100.000,100.000,
1010,0.000,13.770,14.994,21.266,25.820,29.470,32.928,36.470,39.926,43.010,46.026,49.550,52.840,56.114,59.790,63.898,68.502,72.490,76.938,82.698,87.380,93.240,100.000,100.000,100.000,
1011,0.000,13.590,14.992,21.390,25.557,29.132,32.326,35.580,38.870,42.030,44.926,47.460,50.905,53.834,57.250,61.510,66.078,70.850,75.670,81.200,87.090,93.240,100.000,100.000,100.000,
1012,0.000,13.560,14.975,21.195,25.217,28.770,31.840,34.670,37.660,40.540,43.334,46.120,49.220,52.640,55.840,59.350,64.107,69.062,73.748,79.090,86.370,92.960,96.400,100.000,100.000,
1013,0.000,13.838,15.010,21.260,25.551,29.060,32.030,34.970,37.931,40.540,43.040,45.767,48.505,51.850,55.184,58.071,62.480,67.167,71.828,78.963,86.524,92.960,97.296,100.000,100.000,
1014,0.000,14.152,15.983,21.790,25.890,29.190,31.960,34.970,37.770,40.390,43.010,45.400,48.080,51.480,54.950,57.968,62.240,66.960,71.660,78.308,86.680,93.130,100.000,100.000,100.000,
1015,0.000,15.000,16.706,22.340,26.700,29.790,32.636,35.270,38.146,40.638,43.280,45.774,48.640,51.850,55.410,58.898,63.612,69.160,74.640,80.780,86.990,93.190,100.000,100.000,100.000,
1016,0.000,15.079,17.021,22.790,26.995,30.090,32.750,35.270,38.195,40.718,43.220,45.700,48.460,51.760,55.350,58.550,62.720,67.898,73.480,80.232,86.790,93.130,100.000,100.000,107.010,
1017,0.000,15.458,17.230,22.870,27.030,30.080,32.720,35.270,37.970,40.520,42.980,45.160,47.750,50.930,54.060,57.520,61.510,65.820,70.680,76.350,84.940,92.960,100.000,100.000,107.010,
1018,5.950,15.754,17.554,23.220,27.280,30.090,32.810,35.330,38.100,40.840,43.310,45.730,48.340,51.320,54.620,57.850,61.890,66.050,71.080,76.680,86.480,93.240,100.000,100.000,107.010,
1019,5.950,15.966,17.720,23.780,27.570,30.590,33.080,35.880,38.710,41.440,43.960,46.440,49.500,52.700,56.130,59.480,62.720,67.150,73.480,80.920,87.090,93.300,100.000,100.000,107.010,
1020,5.950,16.637,18.113,24.184,28.180,31.034,33.878,36.475,39.320,42.100,44.780,47.310,50.100,53.560,56.990,61.020,64.900,69.597,75.320,81.480,87.380,93.400,100.000,100.000,107.010,
1021,5.950,16.700,18.440,24.920,28.770,31.580,34.368,37.110,39.944,42.710,45.232,48.030,50.930,54.080,57.324,61.270,65.370,70.060,76.020,81.880,87.660,93.450,100.000,100.000,107.010,
1022,5.950,17.003,18.447,25.047,28.880,31.840,34.690,37.568,40.290,43.130,46.070,49.220,52.150,55.420,58.550,62.165,66.170,70.930,77.010,86.003,91.220,93.500,100.000,100.000,107.010,
1023,5.950,17.610,18.774,25.675,29.148,32.216,35.424,38.110,41.086,43.817,46.508,49.510,52.420,55.640,58.550,62.000,66.034,70.680,76.350,84.714,91.736,94.680,100.000,100.000,107.010,
1024,5.950,17.810,19.070,26.003,29.600,32.750,35.592,38.400,41.489,44.346,47.460,50.180,53.260,56.636,59.888,62.950,66.773,71.470,79.832,86.370,92.850,95.047,100.000,100.000,107.010,
1025,5.950,18.277,19.480,26.573,30.096,33.343,36.284,39.345,42.626,45.488,48.340,51.279,54.350,57.250,60.770,64.675,68.862,74.710,80.490,86.680,92.976,98.560,100.000,100.000,107.010,
1026,5.950,18.296,19.642,26.900,30.529,33.650,36.836,40.050,43.320,46.453,49.510,52.175,55.410,58.290,61.548,65.600,69.850,75.150,80.490,86.592,92.960,98.560,100.000,100.000,107.010,
1027,5.950,18.320,19.984,26.990,30.920,34.473,37.676,41.010,44.200,47.170,50.236,53.143,56.190,59.210,62.480,66.270,70.470,75.670,80.780,86.680,92.910,94.569,100.000,100.000,100.000,
1028,10.800,18.440,20.275,26.990,30.990,34.670,37.970,41.440,44.900,47.884,50.918,54.054,56.990,60.292,64.180,68.038,71.270,76.330,81.200,86.890,93.012,96.876,100.000,100.000,100.000,
1029,10.800,18.551,20.396,26.995,31.030,35.023,38.270,41.627,44.900,47.733,50.536,53.600,56.720,60.000,63.188,66.490,70.470,75.670,80.634,86.503,92.790,93.555,100.000,100.000,100.000,
1030,10.800,18.805,20.977,27.535,31.585,35.730,38.900,42.182,45.360,48.050,50.880,53.810,56.815,60.000,63.010,66.050,70.060,75.140,80.340,86.150,92.910,94.038,100.000,100.000,100.000,
1031,12.260,19.170,20.990,27.937,32.468,36.371,39.856,43.010,46.000,48.930,51.836,54.936,57.520,60.510,63.952,66.719,70.680,75.840,80.880,86.680,92.910,93.400,100.000,100.000,100.000,
1101,11.530,19.125,20.990,28.000,32.974,36.870,40.050,43.420,46.451,49.314,52.130,55.490,57.805,60.770,64.180,66.710,70.470,75.840,80.780,86.580,92.910,93.400,100.000,100.000,370.950,
1102,11.530,19.400,21.080,28.180,33.080,36.995,40.050,43.365,46.260,49.220,52.100,55.360,57.640,60.620,63.950,66.270,70.270,75.140,80.340,86.260,92.790,93.325,100.000,100.000,370.950,
1103,11.530,19.400,21.230,28.413,33.650,37.468,40.604,43.880,46.840,49.950,52.700,55.910,58.800,61.270,64.660,67.920,70.680,75.540,80.490,86.370,92.850,93.350,100.000,100.000,370.950,
1104,11.530,19.931,21.962,28.771,34.360,38.080,41.140,44.270,47.170,50.390,53.272,56.430,59.480,61.760,65.010,68.776,71.270,75.840,80.780,86.680,92.960,94.029,100.000,100.000,370.950,
1105,11.530,19.948,22.060,28.982,34.970,38.740,41.912,45.070,48.340,51.560,54.520,57.190,60.365,63.243,65.820,69.519,74.220,79.225,82.504,87.190,93.020,100.000,100.000,100.000,370.950,
1106,11.530,19.958,22.380,29.522,35.931,39.630,43.010,46.010,49.220,52.420,55.910,58.750,61.270,64.381,66.710,70.232,74.780,80.040,86.258,92.631,93.080,100.000,100.000,100.000,370.950,
1107,11.530,19.930,22.380,30.060,36.190,39.932,43.260,46.590,49.954,53.150,56.190,59.483,61.760,64.750,68.110,70.680,75.320,80.630,86.520,92.790,93.190,100.000,100.000,100.000,370.950,
1108,11.530,19.934,22.436,30.950,36.880,40.540,43.970,47.140,50.700,53.890,56.720,60.000,62.890,65.370,69.000,72.120,75.670,80.630,86.580,92.850,93.190,100.000,100.000,100.000,370.950,
1109,11.530,19.955,22.963,31.280,37.262,41.120,44.780,48.340,52.010,55.360,58.030,61.020,64.200,66.586,69.850,74.220,78.940,81.340,86.890,92.910,93.190,100.000,100.000,100.000,370.950,
1110,11.530,19.966,22.344,31.229,37.278,41.014,44.776,48.340,52.048,55.360,58.290,61.270,64.420,67.880,70.270,74.600,79.740,83.725,86.990,92.910,93.240,100.000,100.000,100.000,655.350,
1111,11.530,20.693,22.512,30.990,37.074,40.900,44.780,48.340,51.980,55.078,57.884,60.960,64.180,66.774,69.850,73.961,76.350,80.985,86.672,92.850,93.240,100.000,100.000,100.000,655.350,
1112,13.890,21.049,23.314,32.223,37.970,41.850,45.380,49.198,52.897,55.910,59.480,62.000,64.900,68.560,70.470,74.780,79.890,84.773,87.090,92.960,93.350,100.000,100.000,100.000,655.350,
1113,0.000,21.462,23.982,33.046,38.724,42.624,46.316,50.120,53.786,56.810,60.260,63.700,65.820,69.090,71.200,75.140,80.040,85.710,87.190,92.960,93.350,100.000,100.000,100.000,655.350,
1114,0.000,21.790,24.598,33.130,39.108,43.330,47.110,50.840,54.230,57.146,60.510,63.940,66.050,69.220,72.120,75.320,80.040,85.710,87.090,92.960,93.240,100.000,100.000,100.000,655.350,
1115,0.000,21.756,24.648,33.130,39.110,43.501,47.110,50.810,54.283,57.250,60.510,63.940,65.885,69.000,71.064,74.932,79.739,81.340,86.790,92.850,93.190,100.000,100.000,100.000,655.350,
1116,0.000,21.424,24.180,33.130,39.117,43.761,47.250,50.980,54.771,57.703,60.770,64.113,66.050,69.220,71.806,74.960,79.740,81.340,86.680,92.790,93.080,100.000,100.000,100.000,655.350,
1117,0.000,21.023,23.976,32.920,38.903,43.050,47.050,50.700,53.959,56.830,60.050,63.300,65.600,68.780,70.668,74.600,78.940,81.060,86.480,92.670,93.080,100.000,100.000,100.000,655.350,
1118,0.000,20.535,22.380,32.920,39.020,43.819,47.818,51.240,54.550,57.250,60.336,63.700,65.835,69.000,71.080,74.780,79.420,81.060,86.580,92.850,93.080,100.000,100.000,100.000,655.350,
1119,0.000,20.713,22.728,33.046,39.140,43.948,47.904,51.290,54.732,57.320,60.398,63.904,65.880,69.000,71.270,74.888,79.740,81.340,86.580,92.850,93.080,100.000,100.000,100.000,655.350,
1120,0.000,20.930,22.900,33.350,39.290,43.955,47.766,51.265,54.360,56.990,60.000,63.120,65.370,68.660,70.470,74.220,76.905,80.780,86.294,92.508,93.020,100.000,100.000,100.000,655.350,
1121,0.000,20.976,24.164,34.100,40.001,45.050,48.454,51.840,54.862,57.440,60.260,63.213,65.370,68.644,70.340,74.170,76.020,80.630,86.150,92.339,93.020,100.000,100.000,100.000,100.000,
1122,0.000,21.184,24.588,34.573,40.501,45.396,48.930,52.130,55.080,58.027,60.580,63.830,65.765,68.780,70.470,74.200,76.072,80.630,86.150,90.404,93.020,100.000,100.000,100.000,100.000,
1123,0.000,21.413,24.880,34.895,41.390,46.000,49.800,53.070,56.040,59.210,61.830,64.660,67.400,69.445,72.850,74.860,79.740,81.340,86.370,92.730,92.960,100.000,100.000,100.000,100.000,
1124,12.910,21.531,24.470,34.970,41.800,46.605,50.680,53.920,56.700,59.860,62.790,65.130,68.340,70.060,73.940,75.800,80.190,85.398,86.620,92.812,93.020,100.000,100.000,100.000,100.000,
1125,12.910,21.849,24.470,35.472,42.810,47.808,51.730,54.975,57.960,60.968,64.020,66.385,69.000,71.498,74.400,78.440,80.630,86.040,87.190,92.910,93.370,100.000,100.000,100.000,100.000,
1126,12.910,22.303,24.918,36.750,44.330,49.102,53.010,56.145,59.480,62.564,65.130,68.115,70.060,73.678,75.320,80.153,83.294,86.480,92.670,92.960,99.249,100.000,100.000,100.000,100.000,
1127,12.910,22.168,25.288,37.300,45.070,49.510,53.300,56.340,59.480,62.410,64.900,67.880,69.600,73.060,74.780,79.420,80.780,86.040,88.600,92.910,97.120,100.000,100.000,100.000,100.000,
1128,12.910,23.900,26.100,38.398,46.000,50.680,54.210,57.500,60.770,63.873,66.332,68.870,70.880,73.840,75.328,80.040,82.626,86.260,92.610,92.910,97.832,100.000,100.000,100.000,100.000,
1129,14.100,25.448,27.067,39.320,46.717,51.097,54.828,58.140,61.270,64.180,66.840,69.000,71.145,73.840,75.436,79.826,82.330,86.150,92.080,92.910,94.971,100.000,100.000,100.000,100.000,
1130,14.100,25.530,27.642,40.076,47.450,51.738,55.360,58.950,61.976,64.814,67.500,69.220,72.100,74.030,77.002,80.138,84.024,86.370,92.610,92.910,95.180,100.000,100.000,100.000,100.000,
1201,14.100,25.530,27.775,41.031,48.250,52.530,56.460,60.000,63.040,65.601,68.340,70.060,73.250,74.780,79.100,80.630,85.710,86.580,92.730,92.960,98.564,100.000,100.000,100.000,100.000,
1202,14.100,25.530,27.880,41.922,48.756,53.258,57.220,60.805,63.938,66.470,68.780,71.034,73.840,75.146,79.580,81.060,85.930,86.890,92.730,93.020,98.560,100.000,100.000,100.000,655.350,
1203,14.100,25.530,29.189,44.066,49.950,54.877,58.732,62.090,65.130,67.830,69.650,72.650,74.410,78.270,80.040,83.222,86.040,88.020,92.790,93.020,99.280,100.000,100.000,100.000,655.350,
1204,14.100,25.946,30.090,44.794,50.370,55.174,59.162,62.570,65.370,67.880,69.842,72.706,74.410,78.100,79.890,82.856,85.930,86.890,92.790,93.020,99.280,100.000,100.000,100.000,655.350,
1205,19.260,29.790,33.860,45.803,51.560,56.190,60.000,63.200,65.820,68.311,70.100,73.060,74.600,78.440,80.040,83.858,85.930,86.890,92.790,93.020,99.280,100.000,100.000,100.000,655.350,
1206,19.260,30.366,35.270,46.290,52.070,56.720,60.580,63.700,66.120,68.560,70.750,73.450,74.960,78.645,80.340,84.890,86.040,87.285,92.790,93.020,99.280,100.000,100.000,100.000,655.350,
1207,19.260,31.523,35.612,46.290,52.204,56.990,60.850,63.920,66.472,68.690,71.070,73.650,75.140,78.770,80.340,84.990,86.040,87.000,92.702,92.960,95.076,100.000,100.000,100.000,655.350,
1208,19.260,32.673,36.886,46.513,52.700,58.013,61.920,64.900,67.650,69.640,72.650,74.220,77.920,79.611,81.200,85.479,86.370,91.450,92.790,93.080,99.270,100.000,100.000,100.000,655.350,
1209,19.260,34.665,37.924,47.119,53.870,59.160,62.950,65.690,68.200,70.761,73.650,75.170,78.940,80.490,85.046,86.040,86.982,92.610,92.960,93.190,100.000,100.000,100.000,100.000,655.350,
1210,19.260,35.709,39.023,47.936,55.080,60.000,63.720,66.730,69.082,72.440,74.248,78.040,79.740,82.140,85.590,86.480,92.197,92.790,93.020,97.130,100.000,100.000,100.000,100.000,655.350,
1211,24.950,37.773,39.917,49.050,56.460,60.930,64.234,67.420,69.840,73.060,74.780,78.440,79.920,82.940,85.820,86.429,91.354,92.790,93.020,95.850,100.000,100.000,100.000,100.000,655.350,
1212,24.950,38.695,40.535,50.462,57.510,62.033,64.732,67.880,69.930,73.250,74.780,78.440,79.890,83.050,85.820,86.370,91.674,92.730,92.960,95.650,100.000,100.000,100.000,100.000,655.350,
1213,27.070,39.521,41.800,52.089,58.930,63.058,65.510,68.340,70.940,73.650,75.140,78.770,80.190,84.190,85.820,86.480,92.163,92.680,92.960,95.571,100.000,100.000,100.000,100.000,655.350,
1214,27.070,39.532,41.800,52.130,58.994,63.200,65.698,68.560,71.592,73.840,75.516,79.260,80.490,85.360,86.150,86.920,92.610,92.730,92.960,95.658,100.000,100.000,100.000,100.000,655.350,
1215,27.070,39.525,41.840,52.130,58.992,63.200,65.628,68.480,71.056,73.650,75.272,79.420,80.630,85.710,86.260,88.973,92.610,92.850,93.080,99.250,100.000,100.000,100.000,100.000,655.350,
1216,4.030,39.630,42.310,52.655,59.272,63.582,66.814,69.115,72.650,74.277,77.740,79.890,82.670,85.820,86.480,92.373,92.670,92.910,94.150,100.000,100.000,100.000,100.000,100.000,655.350,
1217,4.030,39.097,41.843,52.700,59.500,63.870,67.190,69.472,73.060,74.600,78.620,80.190,84.025,85.946,86.680,92.550,92.670,92.910,95.538,100.000,100.000,100.000,100.000,100.000,655.350,
1218,4.030,38.016,41.800,52.470,59.480,63.751,67.160,69.640,73.250,74.714,78.940,80.190,85.360,86.150,87.232,92.610,92.790,93.020,98.580,100.000,100.000,100.000,100.000,100.000,655.350,
1219,4.030,38.209,42.706,53.650,59.740,63.700,67.148,69.520,73.080,74.600,78.758,80.190,85.330,86.150,87.336,92.610,92.806,93.020,99.260,100.000,100.000,100.000,100.000,100.000,655.350,
1220,4.030,38.271,44.011,54.780,60.142,64.010,67.690,69.860,73.450,74.960,79.260,80.340,85.710,86.260,89.160,92.670,92.850,93.080,99.280,100.000,100.000,100.000,100.000,100.000,236.160,
1221,4.030,38.858,44.181,55.005,60.402,64.180,67.794,69.850,73.450,74.960,79.260,80.349,85.710,86.260,89.216,92.670,92.790,93.020,99.280,100.000,100.000,100.000,100.000,100.000,236.160,
1222,4.030,38.745,44.190,55.020,60.644,64.420,67.846,69.850,73.450,75.049,79.420,80.630,85.710,86.370,91.350,92.670,92.850,93.130,100.000,100.000,100.000,100.000,100.000,100.000,236.160,
1223,4.030,38.058,43.894,53.940,60.179,64.189,67.686,69.850,73.450,75.140,79.420,80.630,85.710,86.370,90.904,92.670,92.790,93.080,100.000,100.000,100.000,100.000,100.000,100.000,236.160,
1224,4.030,36.622,41.348,52.734,59.766,63.942,67.446,69.770,73.250,74.980,79.260,80.630,85.710,86.370,91.008,92.670,92.850,93.340,100.000,100.000,100.000,100.000,100.000,100.000,236.160,
1225,4.030,35.860,39.295,52.420,59.608,63.780,67.206,69.640,73.060,74.780,79.100,80.340,85.470,86.150,88.980,92.670,92.790,93.130,100.000,100.000,100.000,100.000,100.000,100.000,236.160,
1226,4.030,35.076,38.320,51.748,59.038,63.700,67.190,69.640,73.250,74.960,78.958,80.200,85.360,86.040,87.766,92.610,92.790,92.960,99.270,100.000,100.000,100.000,100.000,100.000,236.160,
1227,7.370,35.030,37.839,50.933,58.410,63.080,66.470,69.000,72.650,74.410,78.440,79.890,84.990,85.820,86.580,92.480,92.730,92.910,96.334,100.000,100.000,100.000,100.000,100.000,100.000,
1228,7.370,35.820,38.492,50.870,57.296,61.950,65.532,68.560,71.616,73.840,77.128,79.580,82.020,85.710,86.370,92.360,92.670,92.850,93.020,100.000,100.000,100.000,100.000,100.000,100.000,
1229,7.370,36.010,39.193,51.399,57.380,61.787,65.200,68.340,70.680,73.650,75.620,79.260,80.340,85.470,86.128,90.043,92.610,92.790,92.960,99.280,100.000,100.000,100.000,100.000,100.000,
1230,7.370,35.980,38.874,50.980,56.720,61.410,65.094,68.110,70.199,73.450,75.170,79.038,80.190,85.360,85.930,88.133,92.550,92.730,92.910,97.780,100.000,100.000,100.000,100.000,100.000,
1231,7.370,35.820,38.684,50.050,56.160,60.510,64.232,67.215,69.338,72.465,74.220,77.789,79.420,81.670,85.590,86.260,92.281,92.610,92.794,93.080,100.000,100.000,100.000,100.000,100.000,
